ageReported,householdReported,timePhase1,timePhase2,timePhase3,timePhase4,timeDem,timeRisk,languageEnglish,genderReported,gamble1,gamble2,incomeReported_10000,incomeReported_100000,incomeReported_15000,incomeReported_150000,incomeReported_25000,incomeReported_40000,incomeReported_60000,incomeReported_75000,maritalReported_divorced,maritalReported_engaged,maritalReported_married,maritalReported_separated,maritalReported_single,maritalReported_widow,pbdmBid,pbdmOffer,nCorrect,nInTime,timeExperiment,offerType,treated,ub,lb,prob_zero,prob_walls,budget_pbdm,tutorial_max_credits_1,tutorial_offer_1,tutorial_game_credits_1,tutorial_regret_1,tutorial_max_credits_2,tutorial_offer_2,tutorial_game_credits_2,tutorial_regret_2,tutorial_max_credits_3,tutorial_offer_3,tutorial_game_credits_3,tutorial_regret_3,tutorial_max_credits_4,tutorial_offer_4,tutorial_game_credits_4,tutorial_regret_4,tutorial_max_credits_5,tutorial_offer_5,tutorial_game_credits_5,tutorial_regret_5,tutorial_max_credits_6,tutorial_offer_6,tutorial_game_credits_6,tutorial_regret_6,pbdmRegret,prop
33.0,4.0,19.895999908447,257.76900005341,27.394000053406,142.71599984169,14835.152146489974,14835.152146489974,1.0,1.0,1.0,1.0,0.0,0.0,1.0,0.0,0.0,0.0,0.0,0.0,0.0,0.0,0.0,0.0,1.0,0.0,5.0,88,12,20,1.3721,PBDM,False,173.27212217669828,-54.32208478654028,0.132,0.05,110,5,2,20,5,5,5,7,5,5,9,18,9,10,12,14,15,24.0,6,8,8,28.0,7,17,11,100,0.1789539297253748
36.0,5.0,18.335999965668,280.68799996376,11.215000152588,546.50999999046,162829.03372543925,162829.03372543925,1.0,1.0,1.0,0.0,0.0,0.0,0.0,0.0,0.0,0.0,0.0,1.0,0.0,0.0,1.0,0.0,0.0,0.0,53.0,123,10,20,7.388233333333333,BDM,False,200.0,0.0,0.0,0.05,53,10,9,19,10,3,5,6,5,17,6,17,17,9,7,9,9,12,3,12,12,5,4,5,5,53,0.27
57.0,1.0,21.400000095367,475.07499980927,53.230000019073,271.16400003433,41344.28778947332,41344.28778947332,1.0,0.0,1.0,1.0,0.0,0.0,0.0,0.0,1.0,0.0,0.0,0.0,1.0,0.0,0.0,0.0,0.0,0.0,36.0,64,12,19,1.7759833333333332,BDM,False,200.0,0.0,0.0,0.05,77,6,3,8,8,6,3,6,6,6,6,16,6,8,2,9,8,8.0,3,5,4,12.0,6,10,3,36,0.185
20.0,5.0,4.9279999732971,292.88599991798,18.282999992371,414.87299990654,98576.39204999816,98576.39204999816,1.0,0.0,1.0,0.0,0.0,0.0,0.0,0.0,1.0,0.0,0.0,0.0,0.0,0.0,0.0,0.0,1.0,0.0,150.0,150,15,20,4.967233333333334,BDM,True,200.0,0.0,0.0,0.05,24,50,1,5,4,15,17,17,17,17,10,18,10,8,8,14,9,8,2,14,5,5.0,2,5,3,150,0.755
35.0,1.0,6.1510000228882,250.19900012016,12.705999851227,371.90300011635,14000.595524269975,14000.595524269975,1.0,1.0,1.0,0.0,0.0,0.0,0.0,0.0,0.0,0.0,0.0,1.0,0.0,0.0,0.0,0.0,1.0,0.0,25.0,104,12,20,1.4754166666666666,PBDM,False,197.75336848359797,-71.70237260639598,0.143,0.05,65,10,5,15,10,6,9,11,6,10,11,13,10,8,6,8,8,20,9,18,20,7.0,3,7,5,45,0.26789191874109947
32.0,3.0,4.0149998664856,173.23200011253,7.5750000476837,115.35399985313,260791.96086900475,260791.96086900475,1.0,0.0,1.0,0.0,0.0,0.0,1.0,0.0,0.0,0.0,0.0,0.0,0.0,0.0,0.0,0.0,1.0,0.0,30.0,184,14,20,0.9296166666666666,BDM,False,200.0,0.0,0.0,0.05,68,5,1,9,5,8,9,20,8,2,4,5,2,3,3,9,3,4.0,4,5,2,5.0,5,6,2,30,0.155
26.0,1.0,6.9679999351501,231.66300010681,11.234999895096,360.41499996185,99796.13627485289,99796.13627485289,1.0,0.0,1.0,1.0,1.0,0.0,0.0,0.0,0.0,0.0,0.0,0.0,0.0,0.0,0.0,0.0,1.0,0.0,60.0,136,13,20,4.594216666666667,BDM,False,200.0,0.0,0.0,0.05,86,8,5,19,8,8,10,18,8,8,9,19,8,7,11,17,7,10.0,2,14,6,14.0,10,14,6,60,0.305
26.0,4.0,3.960000038147,154.69099998474,9.4210000038147,110.79999995232,55453.61256140332,55453.61256140332,1.0,0.0,1.0,1.0,0.0,0.0,0.0,0.0,1.0,0.0,0.0,0.0,0.0,0.0,0.0,0.0,1.0,0.0,100.0,172,11,20,1.47875,BDM,False,200.0,0.0,0.0,0.05,131,16,11,16,2,12,5,12,3,5,4,5,3,5,4,5,1,17,4,17,2,17,13,17,2,100,0.505
29.0,4.0,13.907999992371,342.13499999046,30.473000049591,306.0039999485,272537.3573985378,272537.3573985378,1.0,1.0,1.0,0.0,0.0,0.0,0.0,0.0,0.0,0.0,0.0,1.0,0.0,0.0,1.0,0.0,0.0,0.0,120.0,101,18,20,3.2954333333333334,PBDM,True,189.1743417389682,-62.695146554502635,0.127,0.05,129,9,2,17,5,7,9,13,7,11,16,20,11,10,15,16,10,17,15,18,17,14.0,3,14,12,120,0.6761201952576084
70.0,0.0,8.7860000133514,467.86600017548,65.417999982834,300.02899980545,565912.640646491,565912.640646491,1.0,1.0,1.0,0.0,0.0,0.0,0.0,0.0,0.0,0.0,1.0,0.0,0.0,0.0,1.0,0.0,0.0,0.0,100.0,152,14,20,3.2992166666666667,BDM,False,200.0,0.0,0.0,0.05,80,2,1,7,2,3,10,10,0,10,13,13,10,10,13,14,10,16.0,13,16,14,15.0,4,15,13,100,0.505
31.0,1.0,4.9350001811981,145.70799994469,12.713999986649,109.75300002098,1195664.3217871357,1195664.3217871357,1.0,0.0,1.0,1.0,0.0,0.0,0.0,0.0,0.0,1.0,0.0,0.0,0.0,0.0,0.0,0.0,1.0,0.0,10.0,15,17,20,1.2856666666666667,BDM,False,200.0,0.0,0.0,0.05,140,4,3,16,4,4,14,17,4,2,3,6,2,6,9,19,6,9,12,16,9,7.0,1,8,4,10,0.055
21.0,3.0,7.6370000839233,237.1740000248,9.1589999198914,108.30500006676,502740.5760863103,502740.5760863103,1.0,0.0,1.0,1.0,0.0,0.0,1.0,0.0,0.0,0.0,0.0,0.0,0.0,0.0,0.0,0.0,1.0,0.0,0.0,86,17,20,1.0267166666666667,PBDM,False,173.75073006174253,-63.07221763313557,0.154,0.05,50,0,10,10,11,60,23,16,24,20,19,19,18,15,14,16,15,10,3,11,10,15,9,16,15,0,0.17592559207500538
40.0,1.0,5.4049999713898,311.07399988174,16.605999946594,298.96700000763,117119.17133830243,117119.17133830243,1.0,0.0,1.0,0.0,0.0,0.0,1.0,0.0,0.0,0.0,0.0,0.0,0.0,0.0,0.0,0.0,1.0,0.0,37.0,0,17,20,2.61445,PBDM,True,174.4231683004004,-52.64558294536181,0.134,0.05,74,5,4,12,5,7,7,20,8,4,12,12,4,0,11,17,7,4,3,9,4,5.0,3,5,3,10,0.3315342170173057
25.0,3.0,5.5709998607635,201.15899991989,13.338000059128,195.8029999733,400177.93218362407,400177.93218362407,1.0,1.0,1.0,0.0,0.0,0.0,0.0,0.0,1.0,0.0,0.0,0.0,0.0,0.0,0.0,0.0,1.0,0.0,20.0,0,18,20,2.154316666666667,PBDM,True,184.2119944715553,-52.90174391335949,0.118,0.05,147,6,2,17,3,5,6,19,7,3,5,10,3,6,8,12,6,11.0,3,15,5,15.0,8,17,0,20,0.23261983870798938
48.0,2.0,14.108999967575,356.24700021744,29.334999799728,269.84899997711,134649.22187982424,134649.22187982424,1.0,1.0,1.0,1.0,0.0,0.0,0.0,0.0,1.0,0.0,0.0,0.0,0.0,0.0,0.0,0.0,0.0,0.0,10.0,160,14,19,2.3013333333333335,PBDM,False,170.03967144424618,-56.33895757465761,0.143,0.05,90,6,2,16,3,2,6,6,2,3,10,10,3,2,7,8,2,7.0,4,9,3,11.0,3,19,7,10,0.2135180034366947
44.0,1.0,11.463999986649,346.41199994087,11.924000024796,252.20299983025,1061698.6767061383,1061698.6767061383,1.0,0.0,1.0,1.0,0.0,0.0,0.0,0.0,0.0,0.0,0.0,0.0,1.0,0.0,0.0,0.0,0.0,0.0,200.0,72,17,20,2.8362333333333334,BDM,True,200.0,0.0,0.0,0.05,147,5,3,17,4,9,8,9,9,13,9,13,13,20,4,20,20,12,5,12,12,20,15,20,20,200,0.999
38.0,2.0,18.328999996185,297.39900016785,59.846999883652,267.54999995232,290939.79257923976,290939.79257923976,1.0,1.0,1.0,1.0,0.0,0.0,0.0,0.0,0.0,0.0,0.0,1.0,0.0,0.0,0.0,0.0,0.0,0.0,23.0,81,17,20,1.9374,PBDM,False,181.0910284063802,-49.88696001245507,0.1185,0.05,143,5,1,14,2,11,12,20,13,3,6,8,7,12,12,11,12,10.0,6,6,4,14.0,3,13,7,85,0.24855896302051092
32.0,4.0,30.287999868393,306.58100008965,33.733000040054,444.81399989128,10828.87362368324,10828.87362368324,1.0,1.0,1.0,1.0,0.0,0.0,0.0,0.0,1.0,0.0,0.0,0.0,0.0,0.0,1.0,0.0,0.0,0.0,55.0,0,18,20,5.0808333333333335,PBDM,True,179.71693498655554,-69.24618747731954,0.163,0.05,88,1,4,5,5,5,4,6,5,7,9,14,10,7,1,8,7,8,1,13,8,17,8,15,17,55,0.4276196384223954
21.0,3.0,12.282999992371,457.4240000248,28.138999938965,333.5640001297,5064.264012866249,5064.264012866249,0.0,0.0,1.0,0.0,0.0,0.0,0.0,0.0,0.0,0.0,0.0,0.0,0.0,0.0,0.0,0.0,1.0,0.0,5.0,130,15,20,3.229833333333333,BDM,False,200.0,0.0,0.0,0.05,57,25,10,14,10,20,17,16,18,18,17,14,58,14,14,12,58,18,7,12,21,21,6,18,2,21,0.03
38.0,3.0,6.4389998912811,317.15000009537,12.879999876022,161.35100007057,788408.4359461983,788408.4359461983,1.0,0.0,1.0,1.0,0.0,0.0,1.0,0.0,0.0,0.0,0.0,0.0,0.0,0.0,0.0,0.0,0.0,0.0,40.0,144,15,19,1.5244833333333334,BDM,False,200.0,0.0,0.0,0.05,80,8,3,15,8,10,6,5,10,8,8,7,7,10,4,10,10,7,5,6,7,10,7,9,10,40,0.205
27.0,2.0,16.003000020981,386.81299996376,15.755000114441,197.97000002861,89300.86804619993,89300.86804619993,1.0,1.0,1.0,0.0,0.0,0.0,0.0,0.0,0.0,1.0,0.0,0.0,0.0,0.0,0.0,0.0,0.0,0.0,50.0,131,11,18,1.9024166666666666,PBDM,False,168.99334894027726,-55.078258733977584,0.127,0.05,82,6,4,9,9,9,10,13,10,12,13,15,14,9,11,11,11,12,5,12,12,19,9,19,19,50,0.39593706907836845
26.0,3.0,11.68499994278,252.1210000515,14.674999952316,147.99699997902,195852.65672222158,195852.65672222158,1.0,0.0,0.0,1.0,0.0,0.0,0.0,0.0,1.0,0.0,0.0,0.0,0.0,0.0,0.0,0.0,1.0,0.0,4.0,107,9,20,1.3724166666666666,BDM,False,200.0,0.0,0.0,0.05,6,4,2,8,4,6,10,18,6,8,13,15,8,8,8,13,8,8.0,7,9,4,12.0,15,16,3,131,0.025
22.0,2.0,11.042000055313,199.13599991798,10.947000026703,173.68099999428,162886.30472222215,162886.30472222215,1.0,1.0,1.0,1.0,0.0,0.0,0.0,0.0,0.0,1.0,0.0,0.0,0.0,0.0,0.0,0.0,1.0,0.0,60.0,130,15,20,1.2056,BDM,False,200.0,0.0,0.0,0.05,87,3,1,10,3,4,6,12,4,2,8,10,2,2,3,7,2,7,2,14,7,8.0,3,9,5,152,0.305
36.0,3.0,8.6870000362396,233.95499992371,11.556999921799,267.70300006866,209767.2994821424,209767.2994821424,1.0,0.0,1.0,0.0,0.0,0.0,0.0,0.0,0.0,0.0,1.0,0.0,0.0,0.0,1.0,0.0,0.0,0.0,65.0,79,14,20,3.04085,BDM,False,200.0,0.0,0.0,0.05,71,8,7,18,8,6,12,16,7,10,20,20,10,3,3,7,3,9,18,19,9,5.0,2,5,2,65,0.33
33.0,4.0,3.1190001964569,203.20599985123,33.02999997139,129.9240000248,152158.5478745618,152158.5478745618,1.0,0.0,1.0,0.0,0.0,0.0,0.0,0.0,0.0,0.0,0.0,1.0,0.0,0.0,1.0,0.0,0.0,0.0,20.0,73,12,20,1.1509833333333332,PBDM,False,176.68419184787848,-48.61169679342284,0.1085,0.05,29,7,5,10,5,10,10,17,11,14,15,19,16,14,6,14,5,12,8,19,5,20,2,7,3,40,0.22873723137445645
28.0,2.0,18.788000106812,523.73599982262,59.335000038147,312.31299996376,500823.2781130947,500823.2781130947,1.0,0.0,1.0,1.0,1.0,0.0,0.0,0.0,0.0,0.0,0.0,0.0,0.0,0.0,0.0,0.0,0.0,0.0,100.0,0,19,20,2.9084666666666665,PBDM,True,174.51090476814576,-60.49460562528362,0.1515,0.05,43,9,8,17,9,8,10,14,8,17,17,19,17,5,5,6,5,14.0,4,14,12,16,13,17,16,100,0.6354492845893536
33.0,2.0,8.297000169754,272.22799992561,11.93700003624,297.65199995041,289908.49688947445,289908.49688947445,1.0,1.0,1.0,0.0,0.0,0.0,0.0,0.0,0.0,1.0,0.0,0.0,0.0,0.0,0.0,0.0,1.0,0.0,55.0,0,14,20,3.1955666666666667,PBDM,True,170.34735871371643,-69.2258686234557,0.1685,0.05,73,5,4,13,5,4,10,10,4,10,1,11,10,5,10,12,5,19.0,12,19,15,15.0,8,15,12,55,0.44475498760897797
30.0,5.0,7.0030000209808,172.88999986649,12.959000110626,172.32699990273,190430.31116081783,190430.31116081783,0.0,0.0,1.0,1.0,1.0,0.0,0.0,0.0,0.0,0.0,0.0,0.0,1.0,0.0,0.0,0.0,0.0,0.0,200.0,195,15,20,1.8082833333333332,BDM,True,200.0,0.0,0.0,0.05,40,100,57,13,58,10,10,5,10,50,21,14,22,30,11,7,12,20,6,15,7,10,4,7,5,19,0.999
56.0,2.0,20.043999910355,473.93000006676,50.248999834061,251.00500011444,178919.01608918066,178919.01608918066,1.0,1.0,1.0,0.0,0.0,0.0,0.0,0.0,0.0,0.0,1.0,0.0,0.0,0.0,1.0,0.0,0.0,0.0,10.0,46,12,20,1.7912333333333332,BDM,False,200.0,0.0,0.0,0.05,62,5,1,19,5,5,8,12,9,5,6,6,7,19,16,14,19,19.0,16,19,18,21,5,8,10,104,0.055
31.0,4.0,14.595999956131,603.40299987793,60.415000200272,237.07299995422,55048.043126608085,55048.043126608085,1.0,0.0,1.0,1.0,0.0,0.0,0.0,0.0,0.0,1.0,0.0,0.0,0.0,0.0,1.0,0.0,0.0,0.0,10.0,57,13,18,1.5942166666666666,BDM,False,200.0,0.0,0.0,0.05,60,60,51,10,50,30,12,8,11,15,14,13,14,11,10,10,11,6,3,5,6,13.0,3,13,11,152,0.055
32.0,2.0,38.025000095367,511.9430000782,57.701999902725,311.35800004005,187930.3391883051,187930.3391883051,1.0,0.0,1.0,0.0,0.0,0.0,1.0,0.0,0.0,0.0,0.0,0.0,0.0,0.0,0.0,0.0,1.0,0.0,50.0,10,17,20,3.500366666666667,PBDM,True,183.41593511620067,-73.13174545893679,0.166,0.05,58,3,2,6,3,10,17,17,18,14,7,14,14,07,9,9,10,8,2,5,8,10,5,9,10,50,0.40300419534922366
40.0,5.0,7.1420001983643,254.98299980164,22.107000112534,230.21900010109,281656.89358947554,281656.89358947554,1.0,1.0,1.0,0.0,0.0,1.0,0.0,0.0,0.0,0.0,0.0,0.0,0.0,0.0,1.0,0.0,0.0,0.0,100.0,183,9,20,3.0463,BDM,False,200.0,0.0,0.0,0.05,89,10,2,8,5,16,15,14,14,22,20,20,22,30,23,19,23,12,7,9,12,22,12,18,22,100,0.505
34.0,2.0,11.18799996376,251.49300003052,35.710000038147,359.34299993515,755324.6423228066,755324.6423228066,1.0,1.0,1.0,1.0,0.0,0.0,0.0,1.0,0.0,0.0,0.0,0.0,0.0,0.0,1.0,0.0,0.0,0.0,100.0,36,14,20,4.305016666666667,BDM,True,200.0,0.0,0.0,0.05,106,9,4,13,5,10,11,12,11,7,9,10,9,4,5,5,4,4,5,5,4,18,2,19,3,12,0.505
27.0,4.0,6.7769999504089,221.94499993324,31.818000078201,180.73900008202,64271.52920175477,64271.52920175477,1.0,0.0,1.0,1.0,1.0,0.0,0.0,0.0,0.0,0.0,0.0,0.0,0.0,0.0,0.0,0.0,1.0,0.0,100.0,0,14,20,1.61045,PBDM,True,167.03225550733748,-53.04955844674886,0.1185,0.05,35,20,17,20,3,20,11,20,9,17,14,17,3,16,1,16,15,6,1,6,5,5,5,5,0,0,0.6439438132756161
43.0,2.0,6.7480001449585,340.64100003242,21.386999845505,370.75300002098,183489.18258362613,183489.18258362613,1.0,1.0,1.0,0.0,0.0,0.0,0.0,0.0,1.0,0.0,0.0,0.0,0.0,0.0,0.0,0.0,0.0,1.0,160.0,88,19,20,4.287083333333333,BDM,True,200.0,0.0,0.0,0.05,72,3,2,5,3,10,16,19,16,6,7,9,6,11,12,14,11,9.0,3,9,7,8.0,5,8,6,160,0.805
20.0,2.0,4.6340000629425,156.34000015259,9.0909998416901,128.71300005913,56689.74719444547,56689.74719444547,1.0,1.0,1.0,1.0,0.0,0.0,0.0,0.0,0.0,0.0,0.0,0.0,0.0,0.0,0.0,0.0,1.0,0.0,100.0,161,15,20,1.46435,BDM,False,200.0,0.0,0.0,0.05,156,9,1,18,9,3,7,7,7,19,1,19,19,18,2,18,18,5.0,4,5,3,7.0,2,7,5,100,0.505
67.0,1.0,0.041000127792358,318.39099979401,48.244000196457,289.73099994659,204017.52616374323,204017.52616374323,1.0,1.0,1.0,0.0,0.0,0.0,0.0,0.0,0.0,1.0,0.0,0.0,0.0,0.0,0.0,0.0,0.0,1.0,1.0,121,12,20,2.9242333333333335,BDM,False,200.0,0.0,0.0,0.05,65,2,1,11,2,4,17,17,18,9,9,15,10,8,14,16,15,6.0,6,6,6,10.0,5,10,6,0,0.01
39.0,3.0,13.826999902725,336.27100014687,21.821999788284,214.22500014305,124767.74347719282,124767.74347719282,1.0,0.0,1.0,1.0,0.0,0.0,0.0,0.0,0.0,1.0,0.0,0.0,0.0,0.0,0.0,0.0,0.0,0.0,4.0,170,13,20,1.4794,BDM,False,200.0,0.0,0.0,0.05,94,1,13,14,5,10,13,20,14,7,11,20,7,0,6,10,7,10.0,3,17,4,14.0,20,20,7,5,0.025
38.0,1.0,4.8959999084473,216.20800018311,11.369999885559,244.76399993896,58126.94207865424,58126.94207865424,1.0,0.0,1.0,1.0,0.0,0.0,0.0,0.0,0.0,1.0,0.0,0.0,0.0,0.0,0.0,0.0,1.0,0.0,115.0,71,19,20,2.8695666666666666,PBDM,True,174.18741853104189,-59.715031844749475,0.1475,0.05,137,010,3,19,10,08,17,17,8,02,5,6,2,06,6,8,6,,3,16,9,,3,11,6,115,0.7044607384377218
45.0,2.0,8.0720000267029,340.32899999619,17.84500002861,193.21799993515,107728.83624853789,107728.83624853789,1.0,1.0,0.0,0.0,1.0,0.0,0.0,0.0,0.0,0.0,0.0,0.0,0.0,0.0,1.0,0.0,0.0,0.0,10.0,2,17,19,1.6418666666666666,BDM,True,200.0,0.0,0.0,0.05,94,6,5,10,6,5,16,20,5,5,8,9,5,4,5,6,4,11.0,1,13,7,15.0,2,19,10,10,0.055
31.0,2.0,9.0089998245239,301.4390001297,13.555999994278,234.91799998283,191544.08150497018,191544.08150497018,1.0,1.0,1.0,1.0,0.0,0.0,0.0,0.0,1.0,0.0,0.0,0.0,0.0,0.0,0.0,0.0,0.0,0.0,86.0,109,9,20,2.758166666666667,BDM,False,200.0,0.0,0.0,0.05,86,05,1,19,2,6,8,15,9,11,14,16,15,3,5,5,3,9.0,1,9,2,7.0,6,7,4,86,0.435
51.0,4.0,33.453999996185,471.64599990845,34.052999973297,316.4350001812,496902.7154757315,496902.7154757315,1.0,0.0,1.0,1.0,0.0,1.0,0.0,0.0,0.0,0.0,0.0,0.0,0.0,0.0,1.0,0.0,0.0,0.0,197.0,35,17,20,4.107666666666667,BDM,True,200.0,0.0,0.0,0.05,70,6,4,6,4,4,4,6,-1,16,18,19,16,12,12,14,11,9.0,5,9,8,11,8,12,12,0,0.99
50.0,3.0,13.647000074387,394.38000011444,28.728999853134,275.46600008011,94635.35071169697,94635.35071169697,1.0,0.0,1.0,0.0,0.0,0.0,0.0,0.0,1.0,0.0,0.0,0.0,0.0,0.0,0.0,0.0,1.0,0.0,6.0,116,14,19,2.2085166666666667,PBDM,False,181.28115277990153,-56.434579044467924,0.1185,0.05,119,7,3,12,2,7,16,17,14,1,3,6,4,10,13,14,13,7,1,8,7,11,9,12,11,7,0.16991137314253613
33.0,4.0,8.6329998970032,244.64300012589,16.476999998093,219.66399979591,179576.19353976447,179576.19353976447,1.0,1.0,1.0,0.0,0.0,1.0,0.0,0.0,0.0,0.0,0.0,0.0,0.0,0.0,1.0,0.0,0.0,0.0,6.0,18,13,20,2.9350833333333335,BDM,False,200.0,0.0,0.0,0.05,17,3,1,20,2,3,6,11,8,19,17,15,12,15,11,11,5,-8.0,2,10,5,-4.0,4,8,5,1,0.035
28.0,1.0,10.398000001907,210.84700012207,23.703000068665,142.1819999218,182361.29184523915,182361.29184523915,1.0,0.0,1.0,1.0,0.0,0.0,0.0,0.0,1.0,0.0,0.0,0.0,0.0,0.0,0.0,0.0,1.0,0.0,10.0,76,8,19,1.6851333333333334,BDM,False,200.0,0.0,0.0,0.05,115,4,3,10,4,1,5,7,6,5,5,6,5,6,9,9,6,14.0,7,14,10,10,4,5,5,10,0.055
27.0,5.0,12.482000112534,274.76999998093,18.203999996185,191.03999996185,261101.80720467883,261101.80720467883,1.0,1.0,1.0,0.0,0.0,0.0,0.0,0.0,0.0,0.0,0.0,0.0,0.0,0.0,1.0,0.0,0.0,0.0,50.0,74,9,20,1.5073666666666667,PBDM,False,182.44439987067707,-53.28125388346271,0.122,0.05,92,10,2,14,10,8,9,11,10,4,2,5,4,15,17,20,15,12.0,1,13,10,10.0,5,10,8,80,0.37406199362739107
24.0,4.0,22.614000082016,259.42100000381,27.72000002861,305.49499988556,271888.2124035088,271888.2124035088,1.0,0.0,0.0,0.0,0.0,0.0,0.0,0.0,0.0,0.0,0.0,1.0,0.0,0.0,0.0,0.0,1.0,0.0,25.0,197,15,20,3.9192,BDM,False,200.0,0.0,0.0,0.05,90,4,3,8,4,11,16,16,16,12,18,18,18,17,19,19,19,17,17,17,18,18,12,17,18,25,0.13
27.0,3.0,17.407999992371,196.14900016785,8.4089999198914,128.23699998856,882881.6549375007,882881.6549375007,1.0,0.0,1.0,1.0,0.0,0.0,1.0,0.0,0.0,0.0,0.0,0.0,0.0,0.0,0.0,0.0,1.0,0.0,120.0,117,18,19,1.3312333333333333,BDM,True,200.0,0.0,0.0,0.05,73,7,6,10,7,4,4,6,5,18,18,19,18,10,2,11,3,5.0,4,5,4,7.0,6,7,5,120,0.605
26.0,1.0,9.8849999904633,244.77500009537,17.130000114441,167.4359998703,66686.66288011758,66686.66288011758,1.0,1.0,1.0,1.0,0.0,0.0,0.0,0.0,0.0,0.0,0.0,0.0,0.0,0.0,0.0,0.0,1.0,0.0,3.0,81,12,18,1.7143333333333333,BDM,False,200.0,0.0,0.0,0.05,47,3,1,5,3,13,14,16,13,23,18,8,23,12,3,13,12,23,8,19,23,16,5,17,16,3,0.02
22.0,1.0,3.4509999752045,312.77699995041,20.707000017166,277.83600020409,338889.22436257434,338889.22436257434,1.0,1.0,1.0,0.0,0.0,0.0,0.0,0.0,0.0,1.0,0.0,0.0,0.0,0.0,0.0,0.0,1.0,0.0,60.0,0,19,20,2.86415,PBDM,True,168.20222662511068,-55.080091953369354,0.1375,0.05,67,4,3,15,4,2,5,9,2,6,10,20,11,9,12,18,9,11,3,18,11,8.0,5,9,5,60,0.45277846819634954
27.0,5.0,5.6510000228882,288.32500004768,8.7449998855591,235.53299999237,76781.66313095191,76781.66313095191,1.0,1.0,1.0,1.0,0.0,0.0,0.0,0.0,0.0,0.0,0.0,0.0,0.0,0.0,0.0,0.0,1.0,0.0,5.0,8,16,20,1.6242166666666666,BDM,False,200.0,0.0,0.0,0.05,129,6,3,12,6,3,4,6,3,8,14,18,8,7,13,16,7,9.0,2,5,1,13.0,15,18,8,5,0.03
34.0,4.0,4.5869998931885,400.68000006676,33.40700006485,577.86500000954,334250.32729298266,334250.32729298266,1.0,1.0,0.0,0.0,0.0,1.0,0.0,0.0,0.0,0.0,0.0,0.0,0.0,0.0,1.0,0.0,0.0,0.0,90.0,75,7,20,5.3891333333333336,BDM,True,200.0,0.0,0.0,0.05,20,20,11,16,1,20,13,10,-4,18,18,17,2,5,2,5,2,7,1,8,-4,17,6,14,17,90,0.455
47.0,3.0,7.6459999084473,238.0759999752,26.669000148773,117.79299998283,859921.8976549709,859921.8976549709,1.0,1.0,1.0,1.0,0.0,0.0,0.0,0.0,1.0,0.0,0.0,0.0,0.0,0.0,1.0,0.0,0.0,0.0,0.0,15,16,20,1.2845166666666668,BDM,False,200.0,0.0,0.0,0.05,68,10,6,5,7,12,11,11,12,10,10,9,10,7,6,6,7,025,19,20,25,012,1,9,12,0,0.005
34.0,4.0,12.258999824524,285.13800001144,14.210000038147,199.17899990082,192055.8223652027,192055.8223652027,1.0,1.0,1.0,1.0,0.0,1.0,0.0,0.0,0.0,0.0,0.0,0.0,0.0,0.0,1.0,0.0,0.0,0.0,25.0,20,11,20,2.24275,BDM,True,200.0,0.0,0.0,0.05,103,3,2,16,3,1,7,9,7,5,15,19,15,15,20,20,18,4,7,11,7,9.0,1,10,6,25,0.13
66.0,1.0,10.99799990654,466.17000007629,14.468999862671,250.23300004005,34119.71899707502,34119.71899707502,1.0,1.0,1.0,0.0,0.0,0.0,1.0,0.0,0.0,0.0,0.0,0.0,1.0,0.0,0.0,0.0,0.0,0.0,3.0,88,16,20,2.1778166666666667,PBDM,False,174.43383245629963,-59.464137995055914,0.1375,0.05,124,3,1,17,3,3,12,19,13,3,11,13,12,3,8,11,9,5.0,1,6,2,5.0,2,5,3,89,0.1744143595746175
26.0,1.0,9.8619999885559,344.22499990463,20.795000076294,152.30399990082,716283.5740970749,716283.5740970749,1.0,0.0,1.0,1.0,0.0,0.0,0.0,0.0,0.0,0.0,1.0,0.0,0.0,0.0,0.0,0.0,1.0,0.0,40.0,16,19,20,1.32405,BDM,True,200.0,0.0,0.0,0.05,88,7,2,15,7,4,7,11,4,4,5,8,4,6,7,10,6,9.0,10,15,5,13.0,2,17,8,40,0.205
26.0,4.0,5.3349997997284,430.87400007248,13.317000150681,109.76399993896,835980.2590777774,835980.2590777774,1.0,1.0,1.0,0.0,0.0,0.0,1.0,0.0,0.0,0.0,0.0,0.0,0.0,1.0,0.0,0.0,0.0,0.0,0.0,192,13,20,0.8904666666666666,BDM,False,200.0,0.0,0.0,0.05,50,17,14,17,14,43,19,18,20,6,6,6,7,18,17,17,18,10,4,9,10,8,3,6,8,1,0.005
20.0,1.0,9.529000043869,180.47999978065,18.528000116348,216.52099990845,202864.84880379983,202864.84880379983,1.0,1.0,1.0,1.0,0.0,0.0,0.0,0.0,0.0,0.0,0.0,0.0,0.0,0.0,0.0,0.0,1.0,0.0,20.0,61,16,20,2.6249,BDM,False,200.0,0.0,0.0,0.05,82,5,3,20,6,6,7,9,3,4,9,12,10,3,6,7,6,7,1,19,10,9.0,2,9,1,-1,0.105
33.0,1.0,16.766999959946,336.02199983597,13.160000085831,217.16600012779,166142.9003847954,166142.9003847954,1.0,0.0,1.0,1.0,0.0,0.0,0.0,0.0,0.0,1.0,0.0,0.0,0.0,0.0,0.0,0.0,1.0,0.0,40.0,113,12,19,1.8338333333333334,BDM,False,200.0,0.0,0.0,0.05,100,6,3,5,5,11,3,12,11,7,8,9,7,17,14,17,17,12,12,13,12,10,4,10,10,40,0.205
49.0,3.0,13.272000074387,356.00699996948,26.71799993515,321.53399991989,41175.899739180386,41175.899739180386,1.0,0.0,1.0,1.0,0.0,0.0,0.0,0.0,0.0,0.0,0.0,1.0,0.0,0.0,1.0,0.0,0.0,0.0,96.0,169,11,18,2.26465,PBDM,False,176.94813310633242,-55.61936536335846,0.1325,0.05,96,5,1,17,3,1,2,6,1,5,8,19,5,2,4,8,2,8.0,4,11,4,12.0,16,19,10,96,0.6026465083886307
26.0,3.0,13.69000005722,315.12800002098,8.3989999294281,386.44800019264,178231.84019210702,178231.84019210702,0.0,1.0,1.0,1.0,0.0,0.0,0.0,0.0,0.0,0.0,1.0,0.0,0.0,0.0,1.0,0.0,0.0,0.0,85.0,96,17,20,4.550833333333333,BDM,False,200.0,0.0,0.0,0.05,148,12,10,13,12,18,5,19,18,12,2,13,12,16,8,17,16,7,1,8,7,6,3,7,6,85,0.43
30.0,4.0,13.967000007629,304.96499991417,10.641000032425,369.98699998856,265956.0751269001,265956.0751269001,1.0,0.0,1.0,1.0,0.0,0.0,1.0,0.0,0.0,0.0,0.0,0.0,0.0,0.0,0.0,0.0,1.0,0.0,50.0,126,17,20,1.4796,BDM,False,200.0,0.0,0.0,0.05,123,9,8,12,9,11,14,14,0,4,3,5,4,08,10,10,0,10.0,6,10,8,15.0,2,15,13,50,0.255
47.0,3.0,13.169999837875,480.47200012207,23.501999855042,451.47600007057,231672.8380476598,231672.8380476598,1.0,1.0,1.0,0.0,0.0,0.0,0.0,0.0,0.0,0.0,0.0,0.0,0.0,0.0,1.0,0.0,0.0,0.0,200.0,106,19,20,4.385283333333334,PBDM,True,171.0506310979043,-59.51105805575117,0.1415,0.05,101,7,1,12,7,10,12,15,13,17,7,18,17,13,13,13,13,20,7,20,20,13,7,13,13,200,0.975
23.0,2.0,5.9390001296997,388.95599985123,12.509999990463,219.06500005722,156600.01977426928,156600.01977426928,1.0,1.0,1.0,0.0,0.0,0.0,1.0,0.0,0.0,0.0,0.0,0.0,0.0,0.0,0.0,0.0,0.0,0.0,10.0,156,12,19,1.8957333333333333,PBDM,False,183.3581031400939,-62.102687362438495,0.16,0.05,45,3,1,7,10,10,12,14,13,40,19,11,18,15,11,15,15,11,8,11,11,8,8,8,8,157,0.22487353190108653
30.0,2.0,11.121999979019,204.53400015831,9.6199998855591,175.57899999619,611240.6178631581,611240.6178631581,1.0,0.0,1.0,0.0,0.0,0.0,1.0,0.0,0.0,0.0,0.0,0.0,0.0,0.0,1.0,0.0,0.0,0.0,20.0,82,17,20,1.5071833333333333,PBDM,False,194.11084517388832,-72.23660260863323,0.129,0.05,119,03,1,9,3,04,6,13,4,010,17,19,10,015,18,18,15,13,6,13,13,7.0,3,7,5,20,0.2370681821728396
43.0,2.0,13.542000055313,233.66700005531,22.142999887466,158.71200013161,156245.7411573111,156245.7411573111,1.0,0.0,1.0,1.0,0.0,0.0,0.0,0.0,1.0,0.0,0.0,0.0,0.0,0.0,1.0,0.0,0.0,0.0,50.0,118,15,20,1.3975166666666667,PBDM,False,180.71180978563712,-65.02269272869886,0.1485,0.05,136,4,1,17,3,5,19,20,18,2,6,9,3,5,6,8,6,16.0,1,16,14,11.0,6,11,10,120,0.3943676337185017
28.0,1.0,5.8010001182556,284.14099979401,14.094000101089,297.90599989891,576811.3824573092,576811.3824573092,1.0,0.0,1.0,0.0,0.0,1.0,0.0,0.0,0.0,0.0,0.0,0.0,0.0,0.0,0.0,0.0,1.0,0.0,50.0,8,16,20,3.114116666666667,PBDM,True,175.89959663405105,-60.88424760172992,0.149,0.05,145,8,4,17,8,5,13,17,5,4,6,9,4,4,4,7,4,7.0,1,8,5,8.0,3,8,5,50,0.40095048066613026
27.0,4.0,3.3429999351501,122.3710000515,16.658999919891,105.9470000267,62688.61763157836,62688.61763157836,1.0,0.0,1.0,1.0,1.0,0.0,0.0,0.0,0.0,0.0,0.0,0.0,0.0,0.0,0.0,0.0,1.0,0.0,100.0,57,10,20,1.1578166666666667,BDM,True,200.0,0.0,0.0,0.05,71,16,5,16,11,9,9,9,0,5,4,5,1,20,6,20,14,6,1,6,5,19,19,19,0,74,0.505
47.0,4.0,24.108000040054,323.3869998455,20.769999980927,209.50999999046,45094.865112571846,45094.865112571846,1.0,1.0,1.0,0.0,0.0,0.0,0.0,0.0,1.0,0.0,0.0,0.0,0.0,0.0,0.0,0.0,0.0,1.0,50.0,49,18,19,1.93135,BDM,True,200.0,0.0,0.0,0.05,84,6,3,13,5,4,7,11,4,8,9,17,8,4,6,9,4,16.0,17,18,12,20.0,4,18,12,50,0.255
28.0,5.0,32.871999979019,422.75,20.25,214.3220000267,154038.94757017546,154038.94757017546,1.0,1.0,1.0,0.0,0.0,0.0,1.0,0.0,0.0,0.0,0.0,0.0,0.0,0.0,1.0,0.0,0.0,0.0,10.0,60,12,20,1.6175,PBDM,False,172.55851136048733,-54.04061247711491,0.114,0.05,112,8,4,17,5,4,6,8,6,8,10,10,8,17,6,18,17,4,2,5,4,10,7,11,10,10,0.18695542346768335
30.0,2.0,8.760999917984,173.77600002289,16.963000059128,118.8140001297,588488.2872251472,588488.2872251472,1.0,0.0,1.0,0.0,0.0,0.0,0.0,0.0,0.0,0.0,0.0,1.0,0.0,1.0,0.0,0.0,0.0,0.0,120.0,62,13,20,1.4130833333333332,BDM,True,200.0,0.0,0.0,0.05,129,1,7,11,8,8,14,15,14,14,7,6,6,6,6,5,5,9.0,4,9,4,6,2,7,2,0,0.605
27.0,4.0,31.12700009346,484.42899990082,23.515000104904,350.51900005341,229663.80864035222,229663.80864035222,1.0,1.0,1.0,1.0,0.0,0.0,1.0,0.0,0.0,0.0,0.0,0.0,0.0,0.0,0.0,0.0,1.0,0.0,75.0,87,14,19,1.7386833333333334,PBDM,False,182.6228426741593,-60.799328578312654,0.139,0.05,90,3,1,20,10,10,12,19,4,4,5,8,15,15,8,15,2,6.0,2,6,24,24,10,14,8,88,0.4974466288648517
37.0,1.0,10.884999990463,277.60199999809,16.921000003815,159.58600020409,28350.588776317516,28350.588776317516,1.0,0.0,0.0,0.0,0.0,0.0,0.0,0.0,0.0,0.0,0.0,1.0,0.0,0.0,0.0,0.0,1.0,0.0,0.0,185,16,19,1.7897166666666666,BDM,False,200.0,0.0,0.0,0.05,116,08,1,18,8,4,5,19,7,6,16,17,6,03,4,5,3,12,4,19,12,4,1,5,4,0,0.005
51.0,1.0,16.225000143051,483.07699990273,16.851999998093,222.97800016403,35789.624433627556,35789.624433627556,1.0,0.0,1.0,1.0,0.0,0.0,0.0,0.0,1.0,0.0,0.0,0.0,0.0,0.0,0.0,0.0,1.0,0.0,66.0,155,13,20,1.4481166666666667,BDM,False,200.0,0.0,0.0,0.05,84,4,1,6,2,5,2,5,2,8,5,8,8,16,14,16,16,11,4,11,11,20,16,20,20,66,0.335
65.0,1.0,14.423999786377,300.31700015068,21.292999982834,231.41199994087,31154.650619046373,31154.650619046373,1.0,1.0,1.0,0.0,0.0,0.0,0.0,0.0,0.0,1.0,0.0,0.0,0.0,0.0,0.0,0.0,1.0,0.0,30.0,85,10,17,1.9628333333333334,PBDM,False,177.85025198959048,-57.088091453983935,0.1335,0.05,82,1,7,12,7,07,11,18,18,011,8,12,10,014,17,19,20,24.0,12,16,24,28.0,5,19,15,60,0.2953076474212339
34.0,1.0,11.4359998703,264.66100001335,12.75200009346,130.86699986458,382173.0923845016,382173.0923845016,1.0,1.0,1.0,0.0,0.0,0.0,0.0,0.0,1.0,0.0,0.0,0.0,0.0,0.0,0.0,0.0,1.0,0.0,10.0,87,15,19,1.4371166666666666,BDM,False,200.0,0.0,0.0,0.05,125,3,2,9,2,9,12,19,14,15,15,19,15,5,7,7,5,12,3,12,12,10,2,11,10,10,0.055
30.0,2.0,26.256999969482,285.55599999428,10.669000148773,378.1210000515,190175.22327719443,190175.22327719443,1.0,0.0,1.0,1.0,0.0,0.0,1.0,0.0,0.0,0.0,0.0,0.0,0.0,0.0,0.0,0.0,1.0,0.0,60.0,163,14,20,4.2885333333333335,BDM,False,200.0,0.0,0.0,0.05,132,15,10,16,15,10,1,11,10,9,9,10,10,19,15,19,19,8,1,8,8,14,9,14,14,60,0.305
44.0,3.0,6.7039999961853,279.11299991608,15.291000127792,312.46300005913,93847.74947280787,93847.74947280787,1.0,1.0,1.0,0.0,0.0,0.0,0.0,0.0,0.0,1.0,0.0,0.0,0.0,0.0,1.0,0.0,0.0,0.0,40.0,37,17,20,3.22,PBDM,True,189.57184863084044,-66.82102074114697,0.138,0.05,135,5,4,13,5,5,8,16,9,7,12,12,13,4,7,9,8,12.0,6,12,7,4.0,2,5,3,38,0.33320910265680603
30.0,4.0,6.816999912262,245.63199996948,13.074000120163,152.86899995804,3250130.7264198824,3250130.7264198824,1.0,0.0,1.0,0.0,0.0,0.0,0.0,0.0,1.0,0.0,0.0,0.0,0.0,0.0,0.0,0.0,1.0,0.0,50.0,164,13,20,1.1180333333333334,BDM,False,200.0,0.0,0.0,0.05,69,10,9,6,8,15,15,17,15,7,8,8,7,6,4,7,6,0,2,12,0,13.0,4,13,10,50,0.255
38.0,7.0,8.1610000133514,159.92899990082,7.8470001220703,125.28999996185,110031.42907222219,110031.42907222219,1.0,1.0,1.0,0.0,0.0,1.0,0.0,0.0,0.0,0.0,0.0,0.0,0.0,0.0,1.0,0.0,0.0,0.0,75.0,84,15,19,1.40515,BDM,False,200.0,0.0,0.0,0.05,103,4,3,8,4,5,8,11,5,3,3,7,3,9,14,14,9,11.0,2,12,7,15.0,5,13,6,75,0.38
30.0,3.0,14.217000007629,167.68000006676,13.375999927521,214.8180000782,46696.13816369119,46696.13816369119,1.0,0.0,0.0,0.0,0.0,0.0,0.0,0.0,0.0,1.0,0.0,0.0,0.0,0.0,1.0,0.0,0.0,0.0,1.0,0,15,20,2.5267833333333334,PBDM,True,179.495962182576,-59.4479584639463,0.129,0.05,47,5,3,10,5,3,13,13,5,0,2,11,2,18,7,7,2,8.0,13,15,4,12.0,11,17,6,2,0.15676970600272724
33.0,4.0,7.9839999675751,87.751999855042,11.726000070572,239.45700001717,205645.22581403432,205645.22581403432,1.0,1.0,1.0,1.0,0.0,0.0,0.0,0.0,0.0,1.0,0.0,0.0,0.0,0.0,1.0,0.0,0.0,0.0,120.0,111,17,20,3.58865,PBDM,True,189.93593440423336,-63.97956749076031,0.1445,0.05,117,10,6,15,10,5,7,7,5,13,17,18,13,3,3,5,3,7,11,12,7,18.0,11,19,15,120,0.6800270794496281
33.0,4.0,7.9839999675751,87.751999855042,11.726000070572,239.45700001717,205645.22581403432,205645.22581403432,1.0,1.0,1.0,1.0,0.0,0.0,0.0,0.0,0.0,1.0,0.0,0.0,0.0,0.0,1.0,0.0,0.0,0.0,120.0,61,17,20,3.58865,BDM,True,200.0,0.0,0.0,0.05,117,10,6,15,10,5,7,7,5,13,17,18,13,3,3,5,3,7,11,12,7,18.0,11,19,15,120,0.605
29.0,4.0,4.925999879837,290.17800021172,242.35099983215,142.31299996376,40512.70780760136,40512.70780760136,1.0,0.0,1.0,1.0,0.0,0.0,0.0,0.0,1.0,0.0,0.0,0.0,0.0,0.0,1.0,0.0,0.0,0.0,0.0,28,13,20,1.3394333333333333,BDM,False,200.0,0.0,0.0,0.05,86,15,5,14,15,10,7,6,7,20,17,15,20,5,5,11,5,9.0,6,11,5,13.0,7,11,5,0,0.005
28.0,4.0,29.927999973297,164.08500003815,59.053999900818,117.38000011444,478160.27746842126,478160.27746842126,1.0,1.0,1.0,1.0,0.0,0.0,0.0,0.0,1.0,0.0,0.0,0.0,0.0,0.0,1.0,0.0,0.0,0.0,0.0,1,12,19,1.5200666666666667,BDM,False,200.0,0.0,0.0,0.05,61,20,8,20,10,9,7,9,9,11,7,11,9,8,8,8,8,0,19,19,19,9,6,9,9,0,0.005
43.0,1.0,30.87700009346,295.04799985886,18.164999961853,253.6970000267,601856.0987321632,601856.0987321632,1.0,1.0,1.0,1.0,0.0,0.0,0.0,0.0,0.0,0.0,1.0,0.0,0.0,0.0,0.0,0.0,1.0,0.0,200.0,11,16,20,2.9723333333333333,BDM,True,200.0,0.0,0.0,0.05,44,9,6,18,9,4,7,7,4,10,10,14,11,13,14,16,14,,6,18,8,,15,16,11,200,0.999
25.0,4.0,12.535000085831,249.44899988174,20.31500005722,101.38599991798,3390.54323099365,3390.54323099365,1.0,0.0,1.0,1.0,0.0,0.0,0.0,0.0,1.0,0.0,0.0,0.0,0.0,0.0,0.0,0.0,1.0,0.0,25.0,190,14,20,1.2627333333333333,BDM,False,200.0,0.0,0.0,0.05,62,5,3,10,3,11,11,11,15,18,3,18,25,25,10,8,50,50,7,8,100,100,9,10,10,25,0.13
29.0,1.0,7.103000164032,235.10799980164,11.405000209808,154.76599979401,123085.78848684185,123085.78848684185,1.0,0.0,1.0,0.0,0.0,0.0,0.0,0.0,0.0,1.0,0.0,0.0,0.0,0.0,0.0,0.0,1.0,0.0,17.0,41,14,20,1.3302,PBDM,False,175.09448502100975,-58.70190720172284,0.145,0.05,92,3,2,7,3,2,5,6,5,33,10,8,33,31,17,11,31,21.0,7,10,17,25.0,8,20,11,17,0.24625063109209674
34.0,6.0,8.960000038147,180.46599984169,19.258000135422,208.02999997139,655753.0302947366,655753.0302947366,1.0,0.0,1.0,1.0,0.0,0.0,0.0,0.0,1.0,0.0,0.0,0.0,0.0,0.0,1.0,0.0,0.0,0.0,190.0,145,18,20,2.073183333333333,BDM,True,200.0,0.0,0.0,0.05,81,05,1,18,5,03,8,12,3,010,18,18,10,015,16,19,15,13.0,12,13,9,08,4,8,8,190,0.955
35.0,3.0,4.7439999580383,238.09299993515,12.285000085831,141.29500007629,262929.94726432796,262929.94726432796,1.0,0.0,1.0,1.0,0.0,0.0,0.0,0.0,0.0,1.0,0.0,0.0,0.0,0.0,1.0,0.0,0.0,0.0,4.0,109,16,20,1.4420166666666667,PBDM,False,182.3505738887044,-58.37708880998632,0.127,0.05,105,8,5,10,8,8,8,5,8,5,5,11,5,6,12,20,6,13.0,10,10,9,17.0,14,19,6,4,0.16839053715087796
30.0,3.0,3.6449999809265,170.5569999218,17.011000156403,132.1369998455,93015.79307280618,93015.79307280618,1.0,1.0,1.0,0.0,0.0,0.0,0.0,0.0,0.0,1.0,0.0,0.0,1.0,0.0,0.0,0.0,0.0,0.0,4.0,30,17,20,1.53915,BDM,False,200.0,0.0,0.0,0.05,96,10,4,7,8,9,3,9,7,22,21,19,22,15,15,12,16,16,4,11,16,23,18,20,23,4,0.025
22.0,1.0,5.1779999732971,96.031000137329,7.7309999465942,106.57400012016,92253.56710789629,92253.56710789629,1.0,1.0,1.0,0.0,0.0,0.0,0.0,0.0,0.0,0.0,0.0,0.0,0.0,0.0,0.0,0.0,1.0,0.0,20.0,38,13,20,1.2018,BDM,False,200.0,0.0,0.0,0.05,21,20,4,19,20,10,11,19,10,15,11,7,7,20,18,10,3,2,5,14,2,19,1,19,19,150,0.105
28.0,2.0,15.568000078201,201.4279999733,10.944999933243,240.59999990463,2093715.6786456131,2093715.6786456131,1.0,1.0,1.0,1.0,0.0,0.0,0.0,0.0,0.0,0.0,1.0,0.0,0.0,0.0,1.0,0.0,0.0,0.0,100.0,4,17,20,2.688833333333333,PBDM,True,175.19847264555656,-55.58859550165881,0.1185,0.05,123,9,7,17,9,8,15,15,15,4,7,7,7,4,4,6,4,,4,9,5,,4,12,7,5,0.6203413376444689
48.0,4.0,24.210000038147,1235.8499999046,13.5640001297,200.56999993324,403982.73792076024,403982.73792076024,1.0,1.0,1.0,1.0,0.0,0.0,0.0,0.0,1.0,0.0,0.0,0.0,0.0,0.0,1.0,0.0,0.0,0.0,10.0,98,9,18,2.03435,BDM,False,200.0,0.0,0.0,0.05,55,3,1,10,1,1,2,14,4,4,9,12,9,10,5,5,15,14.0,4,10,10,18.0,7,7,10,40,0.055
24.0,4.0,10.457999944687,250.32400012016,13.718999862671,215.72600007057,253656.54678801174,253656.54678801174,1.0,1.0,1.0,0.0,0.0,0.0,1.0,0.0,0.0,0.0,0.0,0.0,0.0,0.0,0.0,1.0,0.0,0.0,20.0,68,12,20,1.91095,PBDM,False,187.33270269058266,-62.15302862621211,0.124,0.05,112,10,3,16,10,15,19,19,15,2,6,6,2,15,20,20,15,9,2,9,9,17,5,17,17,69,0.23608963789555434
43.0,1.0,23.62299990654,412.7610001564,30.074999809265,290.08000016212,358599.2338745617,358599.2338745617,1.0,0.0,1.0,1.0,0.0,0.0,0.0,0.0,1.0,0.0,0.0,0.0,0.0,0.0,0.0,0.0,1.0,0.0,40.0,153,14,20,3.8080833333333333,BDM,False,200.0,0.0,0.0,0.05,117,4,3,6,4,6,8,9,8,010,11,14,12,04,6,6,4,19.0,10,19,11,06,2,7,3,40,0.205
27.0,2.0,16.763999938965,246.94799995422,15.395999908447,371.62199997902,202915.57528479342,202915.57528479342,1.0,0.0,1.0,0.0,0.0,0.0,0.0,0.0,0.0,1.0,0.0,0.0,0.0,0.0,0.0,0.0,0.0,0.0,140.0,49,19,20,4.97905,PBDM,True,182.90902224876277,-62.01888841937102,0.133,0.05,87,21,10,19,21,15,12,12,15,8,6,6,8,19,18,18,19,11,10,11,11,20,3,20,20,140,0.7862812274057907
82.0,1.0,13.106999874115,1210.8860001564,57.487999916077,587.5150001049,199762.10867309986,199762.10867309986,1.0,1.0,1.0,1.0,0.0,0.0,0.0,0.0,0.0,1.0,0.0,0.0,0.0,0.0,0.0,0.0,0.0,1.0,63.0,56,19,20,6.482366666666667,BDM,True,200.0,0.0,0.0,0.05,63,6,1,5,5,6,10,15,11,20,19,10,20,31,23,15,24,21,7,13,10,15,1,11,15,63,0.32
32.0,3.0,11.654000043869,260.03999996185,30.22000002861,271.882999897,24550.317850291798,24550.317850291798,1.0,1.0,1.0,1.0,0.0,0.0,0.0,0.0,0.0,1.0,0.0,0.0,0.0,0.0,0.0,0.0,1.0,0.0,50.0,39,17,20,3.118316666666667,PBDM,True,169.86880989337513,-54.115464033787056,0.1415,0.05,64,5,3,10,4,3,4,6,3,14,15,17,15,13,14,14,13,15,2,16,15,17.0,14,17,16,50,0.4042864611835353
41.0,1.0,7.3159999847412,260.37699985504,11.90900015831,140.382999897,8194.88845613943,8194.88845613943,1.0,1.0,1.0,0.0,0.0,0.0,0.0,0.0,1.0,0.0,0.0,0.0,0.0,0.0,0.0,0.0,1.0,0.0,10.0,152,16,20,1.3986,BDM,False,200.0,0.0,0.0,0.05,103,5,4,5,4,12,2,12,2,4,11,16,10,12,6,12,12,15,11,16,15,11,10,11,11,90,0.055
27.0,5.0,3.5490000247955,79.515000104904,10.284999847412,119.87300014496,106538.47709298352,106538.47709298352,1.0,0.0,1.0,1.0,0.0,0.0,0.0,0.0,1.0,0.0,0.0,0.0,0.0,0.0,0.0,0.0,1.0,0.0,100.0,12,5,20,1.6923,BDM,True,200.0,0.0,0.0,0.05,118,14,2,14,12,14,12,9,3,9,6,5,3,18,2,18,16,7,4,7,3,19,8,19,11,95,0.505
50.0,1.0,13.15299987793,398.22900009155,36.006999969482,368.86100006104,583124.1467350877,583124.1467350877,1.0,0.0,1.0,0.0,0.0,0.0,0.0,0.0,1.0,0.0,0.0,0.0,0.0,0.0,0.0,0.0,1.0,0.0,90.0,96,14,20,3.7800166666666666,BDM,False,200.0,0.0,0.0,0.05,98,10,7,14,14,13,3,13,13,20,13,9,9,10,10,12,11,13.0,4,9,5,17.0,9,14,10,87,0.455
34.0,4.0,5.7030000686646,247.3789999485,11.490999937057,253.09800004959,792559.6129824562,792559.6129824562,1.0,1.0,1.0,1.0,1.0,0.0,0.0,0.0,0.0,0.0,0.0,0.0,0.0,0.0,1.0,0.0,0.0,0.0,130.0,8,17,19,1.7101333333333333,BDM,True,200.0,0.0,0.0,0.05,89,4,1,5,4,7,6,8,7,7,5,8,7,10,2,11,10,10,7,11,10,10,4,11,10,160,0.655
26.0,4.0,10.871999979019,196.86500000954,11.177000045776,142.23699998856,274989.6349494049,274989.6349494049,1.0,1.0,1.0,1.0,0.0,0.0,0.0,0.0,0.0,1.0,0.0,0.0,0.0,0.0,0.0,0.0,1.0,0.0,4.0,47,11,18,1.71875,BDM,False,200.0,0.0,0.0,0.05,94,2,1,10,1,1,10,13,1,1,4,7,1,4,4,9,4,15.0,6,11,11,19.0,14,19,2,4,0.025
28.0,2.0,7.4390001296997,244.2990000248,18.203999996185,207.47000002861,81942.53865321794,81942.53865321794,1.0,1.0,1.0,1.0,0.0,0.0,0.0,0.0,0.0,0.0,1.0,0.0,0.0,0.0,0.0,0.0,1.0,0.0,160.0,87,17,20,1.9652,BDM,True,200.0,0.0,0.0,0.05,88,3,2,6,3,10,15,19,15,14,14,18,14,3,6,6,6,7.0,3,7,4,15.0,16,16,0,100,0.805
28.0,2.0,14.202000141144,339.79899978638,15.125,163.43700003624,131619.2339473681,131619.2339473681,1.0,1.0,1.0,1.0,0.0,0.0,1.0,0.0,0.0,0.0,0.0,0.0,0.0,0.0,0.0,0.0,1.0,0.0,20.0,156,15,19,1.6711166666666666,PBDM,False,165.62493038664837,-65.82099838641815,0.1615,0.05,124,5,4,10,4,10,16,17,20,17,6,17,17,14,14,16,14,14,7,14,14,5,5,5,5,20,0.27942474056410843
40.0,4.0,5.6610000133514,187.86500000954,13.06200003624,107.6139998436,341586.2581105255,341586.2581105255,1.0,1.0,0.0,0.0,1.0,0.0,0.0,0.0,0.0,0.0,0.0,0.0,0.0,0.0,1.0,0.0,0.0,0.0,7.0,25,14,20,1.1427333333333334,BDM,False,200.0,0.0,0.0,0.05,37,4,1,16,2,5,12,17,5,06,7,9,6,07,5,5,5,08,9,20,8,07,5,7,6,7,0.04
50.0,3.0,9.4319999217987,289.30500006676,14.760999917984,267.30800008774,569499.9740514619,569499.9740514619,1.0,1.0,1.0,0.0,0.0,1.0,0.0,0.0,0.0,0.0,0.0,0.0,0.0,0.0,1.0,0.0,0.0,0.0,20.0,21,16,20,2.915233333333333,BDM,False,200.0,0.0,0.0,0.05,58,4,3,12,3,5,1,6,5,2,3,6,2,4,5,15,4,4.0,1,5,2,6.0,5,6,3,20,0.105
42.0,2.0,11.170000076294,173.60000014305,12.083999872208,151.5640001297,215029.3985298265,215029.3985298265,1.0,1.0,1.0,0.0,0.0,0.0,1.0,0.0,0.0,0.0,0.0,0.0,0.0,0.0,1.0,0.0,0.0,0.0,100.0,150,12,20,1.6902166666666667,BDM,False,200.0,0.0,0.0,0.05,65,0,15,19,16,5,8,11,10,10,12,12,12,2,7,8,4,7.0,2,7,3,5.0,5,5,5,100,0.505
22.0,1.0,7.4859998226166,170.48300004005,11.15700006485,162.84399986267,323190.30328420864,323190.30328420864,1.0,1.0,1.0,0.0,0.0,0.0,0.0,0.0,0.0,0.0,0.0,0.0,0.0,0.0,0.0,0.0,1.0,0.0,46.0,7,17,20,1.88665,PBDM,True,173.67407240828948,-55.520814406133375,0.1345,0.05,46,10,7,14,12,8,9,16,9,9,6,9,5,10,17,20,10,10,4,20,4,5.0,4,5,4,7,0.37528705642918686
38.0,5.0,75.974999904633,235.16200017929,16.977999925613,390.77500009537,157653.9947865506,157653.9947865506,1.0,1.0,1.0,0.0,0.0,0.0,0.0,0.0,0.0,0.0,0.0,1.0,0.0,0.0,1.0,0.0,0.0,0.0,100.0,92,17,20,5.5866,PBDM,True,190.36942200773206,-56.50373362396694,0.121,0.05,61,2,1,8,8,5,9,9,5,9,9,12,5,5,9,10,9,12.0,3,13,3,7.0,3,7,3,93,0.582983598098409
54.0,3.0,10.639999866486,382.59500002861,16.041000127792,393.60599994659,13297.744772221955,13297.744772221955,0.0,0.0,1.0,1.0,0.0,0.0,0.0,0.0,1.0,0.0,0.0,0.0,0.0,0.0,1.0,0.0,0.0,0.0,40.0,23,19,20,5.239316666666666,PBDM,True,187.3525961977209,-58.61217289665311,0.1355,0.05,44,4,2,10,2,30,17,8,48,40,12,6,40,15,13,13,15,11.0,10,11,9,25,6,17,25,40,0.3334517595078548
29.0,3.0,22.091000080109,524.75900006294,107.59399986267,602.97900009155,2188.455367544713,2188.455367544713,1.0,1.0,1.0,1.0,0.0,0.0,1.0,0.0,0.0,0.0,0.0,0.0,0.0,0.0,1.0,0.0,0.0,0.0,70.0,173,10,20,5.9071,BDM,False,200.0,0.0,0.0,0.05,73,15,6,20,10,5,6,7,6,11,13,13,13,13,3,14,10,9.0,9,9,9,8,1,9,4,5,0.355
47.0,1.0,17.855999946594,277.42300009727,14.963000059128,358.60499978065,186056.3729201744,186056.3729201744,1.0,0.0,1.0,1.0,0.0,0.0,0.0,0.0,1.0,0.0,0.0,0.0,0.0,0.0,0.0,0.0,1.0,0.0,50.0,19,19,20,3.246166666666667,BDM,True,200.0,0.0,0.0,0.05,135,16,4,17,16,19,19,20,19,17,17,18,17,8,1,9,8,19,10,20,19,12,9,13,12,50,0.255
35.0,1.0,2.6219999790192,49.424999952316,3.7820000648499,78.128999948502,549018.3140321632,549018.3140321632,1.0,0.0,1.0,1.0,0.0,0.0,0.0,0.0,0.0,0.0,0.0,0.0,1.0,0.0,0.0,0.0,0.0,0.0,0.0,59,10,20,0.87825,PBDM,False,181.42208757923765,-60.407578277368366,0.1505,0.05,0,0,2,16,0,0,4,7,0,0,10,14,0,0,1,6,0,4.0,12,12,0,8.0,4,7,0,0,0.17242332826459195
28.0,1.0,7.0720000267029,201.12600016594,20.819999933243,161.09299993515,1587853.3426388893,1587853.3426388893,1.0,0.0,1.0,1.0,0.0,0.0,0.0,0.0,0.0,0.0,0.0,0.0,0.0,0.0,0.0,0.0,1.0,0.0,25.0,41,17,20,1.3723833333333333,BDM,False,200.0,0.0,0.0,0.05,90,3,2,6,3,4,4,7,5,5,5,7,6,13,16,17,13,8,12,14,8,9.0,4,10,6,25,0.13
28.0,2.0,12.625,373.43300008774,58.094000101089,407.90699982643,405586.04842865514,405586.04842865514,1.0,1.0,1.0,1.0,0.0,0.0,0.0,0.0,1.0,0.0,0.0,0.0,0.0,0.0,0.0,0.0,1.0,0.0,75.0,175,13,20,3.9109166666666666,BDM,False,200.0,0.0,0.0,0.05,99,9,5,19,7,6,8,14,9,4,9,11,4,4,8,8,4,10.0,2,7,4,14.0,5,11,6,41,0.38
68.0,2.0,15.102999925613,873.09500002861,26.405999898911,456.22699999809,440291.6729312852,440291.6729312852,1.0,1.0,1.0,1.0,1.0,0.0,0.0,0.0,0.0,0.0,0.0,0.0,0.0,0.0,1.0,0.0,0.0,0.0,86.0,0,18,20,4.164866666666667,PBDM,True,183.6695408344881,-48.871464004330136,0.1075,0.05,86,10,3,17,10,4,5,7,4,12,13,18,15,11,4,11,11,8,2,8,8,20,1,20,20,86,0.5287437151383618
50.0,3.0,54.128000020981,941.62699985504,28.212000131607,368.38800001144,15989.784985119217,15989.784985119217,0.0,0.0,1.0,1.0,0.0,0.0,0.0,0.0,0.0,1.0,0.0,0.0,0.0,0.0,1.0,0.0,0.0,0.0,150.0,164,15,20,4.011916666666667,BDM,False,200.0,0.0,0.0,0.05,78,10,8,16,10,4,5,7,6,10,12,12,12,14,14,15,15,19,13,20,14,16,14,17,15,0,0.755
48.0,4.0,16.959000110626,418.66299986839,34.670000076294,215.44499993324,178188.10374268994,178188.10374268994,1.0,1.0,1.0,0.0,0.0,0.0,0.0,0.0,1.0,0.0,0.0,0.0,0.0,0.0,1.0,0.0,0.0,0.0,22.0,87,11,18,2.05985,PBDM,False,180.72169271238158,-64.54718795654851,0.1605,0.05,78,4,3,16,4,5,5,10,6,4,6,9,4,9,9,16,10,8,10,16,10,9.0,5,10,6,50,0.278974021643146
22.0,7.0,10.182999849319,479.42000007629,16.348999977112,247.18600010872,110779.68558011708,110779.68558011708,1.0,0.0,1.0,1.0,0.0,0.0,0.0,0.0,0.0,0.0,0.0,0.0,0.0,0.0,0.0,0.0,1.0,0.0,60.0,149,15,20,1.6673,PBDM,False,184.0211039466508,-55.82697546572396,0.1185,0.05,109,8,3,12,8,50,19,16,15,3,3,6,6,19,15,19,19,7,2,7,7,19,5,19,19,60,0.4151677537898552
44.0,2.0,17.614000082016,170.35599994659,9.6599998474121,163.90100002289,105474.20607222132,105474.20607222132,1.0,1.0,1.0,0.0,0.0,0.0,1.0,0.0,0.0,0.0,0.0,0.0,0.0,0.0,0.0,1.0,0.0,0.0,5.0,39,15,20,1.99425,BDM,False,200.0,0.0,0.0,0.05,62,5,2,8,5,5,1,6,5,5,16,18,10,5,10,12,5,7.0,1,8,5,5,2,6,5,5,0.03
36.0,4.0,54.405999898911,301.9240000248,10.458000183105,174.16999983788,207978.54011988256,207978.54011988256,1.0,0.0,1.0,1.0,0.0,0.0,0.0,0.0,0.0,0.0,0.0,1.0,0.0,0.0,1.0,0.0,0.0,0.0,30.0,145,15,20,1.2935,BDM,False,200.0,0.0,0.0,0.05,126,5,3,15,5,5,9,19,10,8,9,9,8,12,9,13,12,7,1,8,7,15,13,16,15,30,0.155
29.0,3.0,6.414999961853,173.86400008202,9.0050001144409,132.19599986076,191782.69500000015,191782.69500000015,1.0,0.0,1.0,0.0,0.0,0.0,0.0,0.0,0.0,0.0,0.0,1.0,0.0,0.0,0.0,0.0,1.0,0.0,40.0,39,18,20,1.4966666666666666,BDM,True,200.0,0.0,0.0,0.05,102,16,15,18,16,7,9,9,7,7,7,9,7,6,5,7,6,16.0,5,12,10,20.0,8,18,12,40,0.205
38.0,2.0,16.457000017166,1270.8629999161,95.298000097275,480.29600000381,13943.499039766384,13943.499039766384,0.0,0.0,1.0,1.0,0.0,0.0,0.0,0.0,0.0,0.0,0.0,0.0,0.0,0.0,0.0,0.0,1.0,0.0,5.0,0,18,20,5.713333333333333,PBDM,True,312.5692605724284,-166.4214123774337,0.298,0.05,20,1025,447,7,1051,1,3,7,4,5,6,6,5,14,15,15,14,18,1,18,18,17,15,18,9,5,0.32090164272287036
30.0,3.0,14.632999897003,363.94900012016,21.862999916077,267.03800010681,96635.65691052667,96635.65691052667,1.0,0.0,1.0,0.0,0.0,0.0,0.0,1.0,0.0,0.0,0.0,0.0,0.0,0.0,1.0,0.0,0.0,0.0,56.0,187,15,20,3.22375,BDM,False,200.0,0.0,0.0,0.05,56,1,5,5,0,4,6,15,7,9,7,9,40,42,23,19,0,16,6,9,6,22,1,16,-1,42,0.285
74.0,1.0,5.1840000152588,155.1289999485,8.701000213623,171.99699997902,187883.65863333474,187883.65863333474,1.0,1.0,1.0,0.0,0.0,1.0,0.0,0.0,0.0,0.0,0.0,0.0,0.0,0.0,0.0,0.0,0.0,1.0,200.0,123,10,20,1.7583333333333333,BDM,True,200.0,0.0,0.0,0.05,25,0,7,7,1,1,1,12,12,18,5,18,5,16,8,16,16,9,7,9,9,7,5,7,7,200,0.999
37.0,1.0,3.4140000343323,101.35500001907,8.5929999351501,101.54099988937,47753.95693154653,47753.95693154653,1.0,1.0,1.0,1.0,0.0,0.0,0.0,0.0,0.0,1.0,0.0,0.0,0.0,0.0,0.0,0.0,1.0,0.0,5.0,165,17,20,1.3598166666666667,BDM,False,200.0,0.0,0.0,0.05,80,0,13,13,0,0,5,7,1,0,7,12,0,0,12,14,0,,2,6,2,,5,5,0,5,0.03
35.0,4.0,13.570999860764,333.54800009727,40.306999921799,277.75400018692,502441.76682426955,502441.76682426955,1.0,1.0,1.0,1.0,0.0,0.0,0.0,0.0,0.0,0.0,0.0,1.0,0.0,0.0,1.0,0.0,0.0,0.0,35.0,98,12,20,1.9085333333333334,BDM,False,200.0,0.0,0.0,0.05,53,03,1,5,3,07,10,17,7,04,6,8,4,05,8,9,5,,13,14,8,,11,20,15,35,0.18
23.0,2.0,5.9679999351501,188.55599999428,8.819000005722,224.53900003433,183649.11453508746,183649.11453508746,1.0,1.0,1.0,1.0,0.0,0.0,0.0,0.0,0.0,0.0,1.0,0.0,0.0,0.0,0.0,0.0,1.0,0.0,125.0,87,17,20,2.7946666666666666,BDM,True,200.0,0.0,0.0,0.05,73,6,4,17,6,4,7,13,4,4,10,11,4,4,5,6,4,13.0,5,9,5,17.0,12,17,10,125,0.63
36.0,2.0,4.9950001239777,186.33100008965,9.5679998397827,126.34100008011,472406.84123479645,472406.84123479645,1.0,0.0,1.0,0.0,0.0,0.0,0.0,0.0,1.0,0.0,0.0,0.0,0.0,0.0,0.0,0.0,0.0,0.0,30.0,38,17,20,1.1039666666666668,BDM,False,200.0,0.0,0.0,0.05,134,3,1,8,3,14,14,15,14,5,1,6,5,7,3,8,7,13,4,14,13,11,5,12,11,30,0.155
47.0,1.0,6.3289999961853,266.68200016022,12.682999849319,176.15600013733,48522.267116083116,48522.267116083116,1.0,0.0,1.0,0.0,0.0,0.0,0.0,0.0,0.0,1.0,0.0,0.0,0.0,0.0,0.0,0.0,1.0,0.0,60.0,136,17,18,1.8875,BDM,False,200.0,0.0,0.0,0.05,77,4,2,19,3,1,1,9,1,5,11,20,5,4,5,16,4,5.0,7,8,1,9.0,6,7,1,60,0.305
26.0,5.0,11.838999986649,840.14800000191,47.930999994278,175.7990000248,1278890.673821345,1278890.673821345,1.0,0.0,1.0,1.0,0.0,0.0,0.0,0.0,0.0,1.0,0.0,0.0,0.0,0.0,0.0,0.0,1.0,0.0,30.0,182,13,20,1.2387,BDM,False,200.0,0.0,0.0,0.05,60,8,1,15,15,13,12,6,15,20,12,8,30,25,23,13,22,10,5,10,10,10,5,6,12,35,0.155
42.0,4.0,7.0149998664856,205.57699990273,20.647000074387,190.24099993706,281303.8859040916,281303.8859040916,1.0,0.0,0.0,0.0,0.0,1.0,0.0,0.0,0.0,0.0,0.0,0.0,0.0,0.0,1.0,0.0,0.0,0.0,10.0,145,12,19,2.3459,BDM,False,200.0,0.0,0.0,0.05,70,4,3,8,3,8,14,14,14,12,12,18,13,5,6,8,6,5.0,1,5,2,7,4,5,5,109,0.055
60.0,4.0,5.1380000114441,191.76200008392,26.05999994278,147.26399993896,268633.66161637404,268633.66161637404,1.0,1.0,1.0,1.0,0.0,0.0,0.0,0.0,0.0,1.0,0.0,0.0,0.0,0.0,1.0,0.0,0.0,0.0,15.0,151,12,20,1.4977666666666667,PBDM,False,182.79170121140533,-52.69265994757827,0.1165,0.05,57,2,1,18,1,1,5,11,5,1,6,9,4,4,5,6,2,3,14,15,7,9.0,6,10,6,50,0.2091422302462388
28.0,1.0,6.4800000190735,160.10899996758,12.050999879837,101.94400000572,66585.16340467724,66585.16340467724,1.0,0.0,1.0,1.0,0.0,0.0,0.0,0.0,1.0,0.0,0.0,0.0,0.0,0.0,0.0,0.0,1.0,0.0,10.0,41,16,20,1.1769833333333333,BDM,False,200.0,0.0,0.0,0.05,89,8,7,16,8,5,5,8,6,4,4,7,3,10,13,17,14,5.0,5,5,5,19.0,17,19,18,34,0.055
39.0,1.0,17.731999874115,439.93600010872,30.815999984741,403.33399987221,514507.4239116945,514507.4239116945,1.0,0.0,1.0,1.0,0.0,0.0,1.0,0.0,0.0,0.0,0.0,0.0,0.0,0.0,0.0,0.0,1.0,0.0,120.0,47,19,20,4.100266666666666,BDM,True,200.0,0.0,0.0,0.05,78,6,5,8,5,5,7,8,5,4,6,7,4,10,11,13,10,19.0,16,19,16,20.0,8,20,18,120,0.605
33.0,1.0,23.001000165939,246.69299983978,10.674000024796,257.60800004005,362200.88480087783,362200.88480087783,1.0,1.0,1.0,0.0,0.0,0.0,0.0,0.0,0.0,0.0,0.0,1.0,0.0,0.0,0.0,0.0,1.0,0.0,101.0,147,15,20,3.0747833333333334,BDM,False,200.0,0.0,0.0,0.05,60,30,19,9,30,30,25,19,30,20,16,13,20,11,11,8,11,10,2,7,10,11,5,7,11,101,0.51
49.0,1.0,10.871999979019,571.00999999046,25.008999824524,395.46500015259,10986.874466666199,10986.874466666199,0.0,0.0,1.0,1.0,0.0,0.0,0.0,0.0,0.0,1.0,0.0,0.0,0.0,0.0,1.0,0.0,0.0,0.0,200.0,171,18,20,3.256883333333333,BDM,True,200.0,0.0,0.0,0.05,73,19,10,19,19,6,3,6,6,12,8,6,12,10,13,14,10,13,6,13,13,19,3,19,19,200,0.999
49.0,3.0,10.924000024796,273.77600002289,13.023000001907,457.51999998093,421541.05854210554,421541.05854210554,1.0,0.0,1.0,1.0,0.0,0.0,0.0,0.0,0.0,0.0,0.0,1.0,0.0,0.0,1.0,0.0,0.0,0.0,200.0,96,17,20,5.49115,PBDM,True,186.7081575598112,-65.2663700088674,0.136,0.05,75,5,4,9,8,12,10,13,12,17,5,18,17,12,8,12,12,7,2,7,7,13,8,13,13,200,0.975
48.0,3.0,11.752999782562,352.98100018501,34.758999824524,199.66800022125,116989.74891783639,116989.74891783639,1.0,1.0,1.0,0.0,0.0,0.0,0.0,0.0,1.0,0.0,0.0,0.0,0.0,0.0,1.0,0.0,0.0,0.0,30.0,113,9,16,2.2382333333333335,PBDM,False,180.4074858273025,-53.97021407771328,0.1255,0.05,0,10,2,10,15,20,20,19,30,35,20,16,45,48,11,5,11,4.0,5,11,15,8.0,7,9,20,114,0.2869797470211596
29.0,4.0,39.212000131607,342.7009999752,23.756999969482,898.46099996567,224068.78125000035,224068.78125000035,1.0,1.0,1.0,0.0,0.0,0.0,0.0,0.0,0.0,1.0,0.0,0.0,0.0,0.0,1.0,0.0,0.0,0.0,200.0,172,15,20,12.415483333333333,BDM,True,200.0,0.0,0.0,0.05,89,6,2,11,6,9,14,17,9,5,7,7,5,9,10,14,9,10,13,16,10,14.0,11,14,11,200,0.999
43.0,4.0,19.355999946594,399.53999996185,21.630000114441,162.31200003624,501043.1770456145,501043.1770456145,1.0,1.0,1.0,1.0,0.0,1.0,0.0,0.0,0.0,0.0,0.0,0.0,0.0,0.0,1.0,0.0,0.0,0.0,95.0,35,18,20,1.4943,BDM,True,200.0,0.0,0.0,0.05,6,3,1,7,3,4,4,9,5,3,3,9,4,5,7,11,8,7.0,4,8,5,11.0,12,13,7,97,0.48
36.0,4.0,14.559000015259,456.76300001144,19.099999904633,265.88499999046,290659.39689941454,290659.39689941454,1.0,1.0,1.0,1.0,0.0,0.0,0.0,0.0,0.0,0.0,0.0,0.0,0.0,0.0,1.0,0.0,0.0,0.0,110.0,170,11,20,3.0052166666666666,BDM,False,200.0,0.0,0.0,0.05,153,7,6,17,6,3,11,18,8,3,7,7,3,12,15,19,12,19.0,3,19,15,20.0,14,20,17,110,0.555
33.0,4.0,7.8540000915527,253.57699990273,15.384999990463,156.39300012589,1125414.7150622816,1125414.7150622816,1.0,0.0,0.0,0.0,0.0,0.0,0.0,0.0,1.0,0.0,0.0,0.0,0.0,0.0,1.0,0.0,0.0,0.0,15.0,148,16,20,1.5797,BDM,False,200.0,0.0,0.0,0.05,149,7,6,14,7,5,5,8,6,8,10,10,10,10,9,9,10,14.0,1,11,8,18.0,1,12,6,15,0.08
52.0,2.0,22.84299993515,295.38400006294,41.388999938965,233.02600002289,119414.36805526282,119414.36805526282,1.0,1.0,1.0,0.0,0.0,0.0,0.0,0.0,0.0,0.0,1.0,0.0,0.0,0.0,1.0,0.0,0.0,0.0,59.0,26,18,15,2.0456333333333334,BDM,True,200.0,0.0,0.0,0.05,59,2,1,8,2,2,3,7,4,2,2,6,2,3,4,7,3,10.0,7,13,8,14.0,5,17,7,59,0.3
37.0,4.0,6.3710000514984,267.81799983978,21.672000169754,271.06599998474,186261.4171985384,186261.4171985384,1.0,1.0,1.0,1.0,0.0,0.0,0.0,0.0,0.0,0.0,0.0,0.0,0.0,0.0,0.0,1.0,0.0,0.0,100.0,37,16,20,2.87835,PBDM,True,174.74579623183286,-55.55734104474805,0.133,0.05,59,6,3,12,4,03,3,9,4,08,16,16,5,02,4,9,3,13.0,18,18,0,17.0,3,13,05,36,0.6274052287600369
27.0,3.0,9.7769999504089,1373.9340000153,48.545000076294,194.05800008774,7573.56754970874,7573.56754970874,1.0,1.0,0.0,0.0,0.0,0.0,0.0,0.0,0.0,1.0,0.0,0.0,0.0,0.0,1.0,0.0,0.0,0.0,45.0,0,5,20,1.3091,PBDM,True,182.09656065615084,-61.65259680456827,0.1325,0.05,46,18,7,19,10,7,6,8,6,13,11,11,12,13,11,11,12,13,7,9,9,18.0,8,18,14,40,0.35905987654791127
53.0,2.0,24.325000047684,390.09500002861,28.246999979019,350.13400006294,333617.19313041045,333617.19313041045,1.0,1.0,1.0,1.0,0.0,0.0,0.0,0.0,1.0,0.0,0.0,0.0,0.0,0.0,1.0,0.0,0.0,0.0,20.0,15,19,20,4.2636,PBDM,True,164.82721883675347,-56.01563613938594,0.123,0.05,49,0,0,5,5,15,18,18,20,15,14,7,15,10,10,8,11,20,1,14,20,10,3,6,10,20,0.2479984269617408
54.0,2.0,10.063999891281,347.35300016403,17.138999938965,300.93899989128,38552.90438187035,38552.90438187035,1.0,0.0,1.0,1.0,0.0,0.0,1.0,0.0,0.0,0.0,0.0,0.0,0.0,0.0,0.0,0.0,1.0,0.0,150.0,18,18,20,2.6374333333333335,PBDM,True,167.8513402730802,-62.82477669673765,0.165,0.05,72,2,1,6,1,2,5,8,6,4,5,8,6,10,12,13,10,12.0,7,12,8,5,4,6,5,150,0.8953621153702237
24.0,2.0,6.8359999656677,247.47899985313,8.4650001525879,388.17899990082,1765312.8561736832,1765312.8561736832,1.0,0.0,1.0,1.0,0.0,0.0,0.0,0.0,1.0,0.0,0.0,0.0,0.0,0.0,0.0,0.0,1.0,0.0,30.0,17,17,20,4.8364,PBDM,True,183.10578376158253,-59.252267634402784,0.127,0.05,67,8,5,9,6,11,3,12,11,7,3,8,7,5,5,6,5,11,4,11,11,13,11,13,13,30,0.28605981924129803
42.0,6.0,24.753000020981,237.625,16.201999902725,246.14199995995,153487.49254912182,153487.49254912182,1.0,1.0,1.0,1.0,0.0,0.0,0.0,0.0,1.0,0.0,0.0,0.0,0.0,0.0,1.0,0.0,0.0,0.0,100.0,150,12,16,2.0241,PBDM,False,183.06797095269656,-52.468391442838744,0.131,0.05,134,15,4,15,15,15,12,15,15,14,6,14,14,19,3,19,19,6,1,6,6,12,1,12,12,100,0.6049122502564631
35.0,1.0,9.1050000190735,209.72799992561,23.215000152588,170.70899987221,247610.21184619857,247610.21184619857,1.0,0.0,1.0,1.0,0.0,0.0,0.0,0.0,1.0,0.0,0.0,0.0,0.0,0.0,0.0,0.0,1.0,0.0,75.0,89,8,20,1.7687,BDM,False,200.0,0.0,0.0,0.05,75,05,3,12,2,2,7,9,3,9,14,17,15,3,4,5,3,14,10,19,10,17.0,1,18,15,46,0.38
27.0,1.0,13.535000085831,439.64499998093,28.914999961853,187.12199997902,566620.396261696,566620.396261696,1.0,1.0,1.0,1.0,0.0,0.0,0.0,0.0,0.0,0.0,0.0,0.0,0.0,0.0,0.0,0.0,1.0,0.0,50.0,108,12,20,1.2053833333333333,PBDM,False,172.0769173753703,-64.21955445944786,0.1385,0.05,65,05,3,11,3,06,12,13,10,3,9,10,9,07,7,5,7,04,2,10,4,12.0,3,12,10,109,0.39913905586897314
36.0,2.0,7.5439999103546,187.8860001564,22.264999866486,157.10700011253,9417.413360526716,9417.413360526716,0.0,0.0,1.0,0.0,0.0,0.0,0.0,0.0,0.0,0.0,1.0,0.0,0.0,0.0,0.0,0.0,1.0,0.0,4.0,19,4,19,1.4615666666666667,PBDM,False,172.2957814011382,-56.275780810292126,0.1205,0.05,35,2,1,16,0,0,15,16,1,5,13,20,5,0,18,19,0,14.0,18,18,7,18.0,7,9,2,4,0.163721821170123
37.0,4.0,35.925000190735,409.58099985123,39.238000154495,179.98000001907,234701.05774620073,234701.05774620073,1.0,0.0,0.0,0.0,0.0,1.0,0.0,0.0,0.0,0.0,0.0,0.0,0.0,0.0,1.0,0.0,0.0,0.0,0.0,107,10,20,1.4593666666666667,BDM,False,200.0,0.0,0.0,0.05,10,10,1,11,10,13,13,13,1,010,10,7,2,15,13,13,1,5,12,20,5,7,6,6,7,99,0.005
54.0,3.0,6.4559998512268,260.91799998283,14.674000024796,406.26300001144,372533.52226958954,372533.52226958954,1.0,1.0,1.0,0.0,0.0,0.0,0.0,0.0,1.0,0.0,0.0,0.0,0.0,1.0,0.0,0.0,0.0,0.0,2.0,53,15,19,2.6381666666666668,PBDM,False,179.0461252294083,-55.15886863641893,0.1445,0.05,87,2,1,8,-1,2,6,9,3,4,4,14,4,2,2,9,4,8.0,10,11,9,12.0,14,16,7,54,0.17589258036861177
34.0,4.0,10.405999898911,226.67499995232,20.462000131607,191.82800006866,43057.74347602385,43057.74347602385,1.0,0.0,1.0,1.0,0.0,0.0,0.0,0.0,0.0,0.0,1.0,0.0,0.0,0.0,1.0,0.0,0.0,0.0,55.0,151,14,20,1.6198166666666667,BDM,False,200.0,0.0,0.0,0.05,98,9,1,18,9,8,10,16,8,9,9,14,9,3,4,5,3,15.0,4,12,9,19.0,5,18,12,55,0.28
31.0,3.0,9.8570001125336,316.67199993134,9.5080001354218,289.21199989319,24783.5587923983,24783.5587923983,1.0,0.0,1.0,1.0,0.0,0.0,0.0,0.0,1.0,0.0,0.0,0.0,0.0,0.0,1.0,0.0,0.0,0.0,115.0,108,17,20,3.1127666666666665,PBDM,True,176.27455241445475,-60.297234905105284,0.115,0.05,118,10,6,18,7,3,3,6,4,19,13,19,19,08,5,8,8,10,1,10,10,017,9,17,17,115,0.6875176081950592
34.0,8.0,14.451999902725,229.61999988556,14.253000020981,340.46900010109,430399.63960116886,430399.63960116886,1.0,1.0,1.0,1.0,0.0,0.0,0.0,0.0,0.0,0.0,1.0,0.0,0.0,0.0,1.0,0.0,0.0,0.0,124.0,85,18,20,3.8843833333333335,PBDM,True,193.48669456093657,-55.8703352412558,0.122,0.05,124,5,4,14,5,7,11,19,7,6,13,17,13,17,8,18,17,14,3,15,14,13,2,14,13,124,0.6797613425672205
25.0,4.0,15.636999845505,613.30500006676,27.431999921799,364.63000011444,28085.40734502879,28085.40734502879,1.0,1.0,1.0,1.0,0.0,0.0,1.0,0.0,0.0,0.0,0.0,0.0,0.0,0.0,1.0,0.0,0.0,0.0,10.0,130,12,20,3.6138833333333333,BDM,False,200.0,0.0,0.0,0.05,80,8,4,15,5,4,10,10,4,7,8,14,7,6,10,10,6,5,5,5,5,13.0,4,13,5,10,0.055
24.0,1.0,9.2159998416901,409.02600002289,16.266999959946,249.77200007439,52564.02571578858,52564.02571578858,1.0,0.0,1.0,1.0,0.0,0.0,1.0,0.0,0.0,0.0,0.0,0.0,0.0,0.0,0.0,0.0,1.0,0.0,0.0,28,14,20,1.2133166666666666,PBDM,False,181.2962043807051,-65.06076388140416,0.133,0.05,94,10,2,7,4,5,11,11,5,9,9,9,9,19,19,19,19,12,10,12,12,9,2,9,9,0,0.15589311772722175
23.0,2.0,8.8919999599457,94.986999988556,10.80999994278,255.50900006294,35047.85868830369,35047.85868830369,1.0,0.0,1.0,0.0,0.0,0.0,0.0,0.0,0.0,1.0,0.0,0.0,0.0,0.0,0.0,0.0,1.0,0.0,25.0,65,15,20,3.9814666666666665,BDM,False,200.0,0.0,0.0,0.05,94,20,3,11,15,10,10,12,10,2,3,7,2,25,9,6,15,10,6,6,16,18,2,11,18,25,0.13
27.0,6.0,10.52999997139,234.20499992371,22.153000116348,219.02599978447,307321.2800356707,307321.2800356707,1.0,1.0,1.0,1.0,0.0,0.0,0.0,0.0,0.0,1.0,0.0,0.0,0.0,0.0,1.0,0.0,0.0,0.0,165.0,27,18,20,2.2411166666666666,BDM,True,200.0,0.0,0.0,0.05,120,80,36,9,35,17,19,19,19,6,2,6,6,8,11,11,8,18,5,18,18,7.0,6,7,6,165,0.83
25.0,1.0,10.0640001297,257.52699995041,10.521999835968,149.93600010872,638091.5838160821,638091.5838160821,1.0,0.0,1.0,0.0,0.0,0.0,0.0,0.0,1.0,0.0,0.0,0.0,0.0,0.0,0.0,0.0,1.0,0.0,25.0,68,16,20,1.3902166666666667,BDM,False,200.0,0.0,0.0,0.05,125,5,2,20,5,4,5,12,4,7,14,19,7,6,9,12,9,14.0,3,10,8,18.0,9,10,9,45,0.13
33.0,2.0,5.4549999237061,260.34100008011,13.355999946594,286.75,274304.19147806976,274304.19147806976,1.0,1.0,1.0,1.0,0.0,1.0,0.0,0.0,0.0,0.0,0.0,0.0,0.0,0.0,1.0,0.0,0.0,0.0,30.0,15,19,20,2.53555,PBDM,True,178.6942490633857,-63.664847722855576,0.131,0.05,80,15,13,20,15,6,7,11,6,9,12,14,9,15,11,16,15,11,9,12,11,6,2,7,6,30,0.29266697611500686
30.0,5.0,10.434000015259,171.41900014877,30.12299990654,458.31299996376,242205.8403333336,242205.8403333336,1.0,0.0,1.0,1.0,0.0,0.0,0.0,0.0,1.0,0.0,0.0,0.0,0.0,0.0,0.0,1.0,0.0,0.0,121.0,60,17,20,3.7467166666666665,BDM,True,200.0,0.0,0.0,0.05,121,4,1,5,4,11,5,12,11,13,9,14,13,19,2,20,19,4,5,5,4,16,10,17,16,121,0.61
32.0,5.0,8.5750000476837,275.77399992943,12.341000080109,224.57699990273,126839.59744035054,126839.59744035054,1.0,0.0,1.0,0.0,0.0,0.0,0.0,0.0,0.0,0.0,0.0,1.0,0.0,0.0,1.0,0.0,0.0,0.0,150.0,131,19,20,2.8199666666666667,PBDM,True,174.57019541096847,-66.89385842193228,0.1645,0.05,129,7,2,10,7,8,11,14,8,12,13,15,12,18,4,19,18,11,6,12,11,10.0,9,10,8,150,0.867832488910673
28.0,2.0,6.3770000934601,981.25200009346,10.010999917984,168.24099993706,199415.39430438637,199415.39430438637,1.0,1.0,1.0,0.0,0.0,0.0,0.0,0.0,1.0,0.0,0.0,0.0,0.0,0.0,0.0,0.0,1.0,0.0,20.0,106,14,20,1.4642833333333334,BDM,False,200.0,0.0,0.0,0.05,122,5,3,15,4,2,8,8,2,10,10,18,10,03,6,6,3,24.0,2,20,15,28.0,1,13,7,20,0.105
31.0,3.0,8.2079999446869,297.31200003624,21.881999969482,393.15799999237,492279.2731622802,492279.2731622802,1.0,1.0,1.0,0.0,0.0,0.0,0.0,0.0,0.0,0.0,0.0,1.0,0.0,0.0,1.0,0.0,0.0,0.0,50.0,2,17,20,4.668183333333333,PBDM,True,173.5387426616508,-55.13109353164718,0.1295,0.05,75,2,1,7,2,8,12,18,9,13,16,19,13,4,10,11,4,9.0,3,5,1,13.0,2,11,5,50,0.39105848262831544
35.0,3.0,16.976000070572,849.4470000267,93.355000019073,334.39800000191,232695.33705584894,232695.33705584894,1.0,1.0,1.0,0.0,0.0,0.0,0.0,0.0,0.0,0.0,0.0,0.0,0.0,0.0,0.0,0.0,1.0,0.0,20.0,0,18,20,3.395766666666667,PBDM,True,181.89207346137303,-53.96497363185356,0.121,0.05,61,10,3,5,6,20,20,15,21,19,15,10,16,27,24,17,25,17,10,11,12,18,2,12,15,10,0.23635909395496
52.0,3.0,12.107000112534,357.63400006294,19.661999940872,185.62999987602,211587.5571792397,211587.5571792397,1.0,1.0,1.0,0.0,0.0,0.0,0.0,0.0,1.0,0.0,0.0,0.0,1.0,0.0,0.0,0.0,0.0,0.0,28.0,3,15,20,1.4184833333333333,BDM,True,200.0,0.0,0.0,0.05,78,3,2,7,3,5,13,13,0,5,9,10,5,9,18,19,9,8.0,8,9,4,12.0,6,19,10,35,0.145
29.0,2.0,10.197000026703,319.77900004387,16.636000156403,171.62199997902,214159.20732310123,214159.20732310123,1.0,1.0,1.0,1.0,0.0,0.0,0.0,0.0,1.0,0.0,0.0,0.0,0.0,0.0,0.0,0.0,0.0,0.0,20.0,175,17,20,1.2251833333333333,BDM,False,200.0,0.0,0.0,0.05,110,30,10,18,30,30,23,15,30,20,20,15,20,8,8,10,8,10,1,11,10,8,9,9,8,20,0.105
35.0,4.0,11.840000152588,287.26999998093,13.167000055313,259.33299994469,1101953.1369362585,1101953.1369362585,1.0,1.0,0.0,0.0,0.0,0.0,0.0,0.0,0.0,0.0,0.0,1.0,0.0,0.0,1.0,0.0,0.0,0.0,200.0,189,19,20,3.0951,BDM,True,200.0,0.0,0.0,0.05,92,5,4,20,7,6,11,11,6,16,14,16,16,20,18,20,20,9,5,9,9,9,1,9,9,200,0.999
29.0,3.0,9.4969999790192,383.53299999237,34.383000135422,322.96399998665,36.39137964684479,36.39137964684479,1.0,1.0,1.0,1.0,0.0,0.0,1.0,0.0,0.0,0.0,0.0,0.0,0.0,0.0,1.0,0.0,0.0,0.0,180.0,12,16,20,3.609783333333333,PBDM,True,176.37867312125266,-52.888454412944654,0.113,0.05,76,5,2,6,3,10,10,13,11,13,15,15,15,13,13,15,14,14,3,15,5,5,6,6,6,13,0.975
28.0,4.0,1.6959998607635,87.738000154495,8.1689999103546,102.20600008965,5555.420973214422,5555.420973214422,1.0,1.0,1.0,1.0,0.0,0.0,0.0,0.0,0.0,0.0,0.0,1.0,0.0,1.0,0.0,0.0,0.0,0.0,0.0,116,10,19,1.1157333333333332,PBDM,False,174.81569825524642,-62.500626066054096,0.138,0.05,7,4,3,10,4,0,7,10,23,0,7,20,34,0,8,6,5,0,1,9,5,8.0,5,9,5,116,0.16078436192042853
47.0,3.0,10.986000061035,243.93499994278,14.763000011444,193.20399999619,138721.59192602348,138721.59192602348,1.0,1.0,1.0,1.0,0.0,0.0,0.0,0.0,0.0,0.0,0.0,0.0,0.0,0.0,1.0,0.0,0.0,0.0,50.0,191,12,20,1.948,BDM,False,200.0,0.0,0.0,0.05,117,5,4,11,5,10,16,17,10,2,2,5,3,10,13,16,10,,3,13,5,,12,14,9,40,0.255
27.0,4.0,4.8719999790192,113.9430000782,10.651999950409,94.225000143051,188556.56528070307,188556.56528070307,1.0,0.0,1.0,1.0,0.0,0.0,0.0,0.0,1.0,0.0,0.0,0.0,0.0,0.0,0.0,0.0,1.0,0.0,100.0,32,9,20,1.2671833333333333,BDM,True,200.0,0.0,0.0,0.05,44,7,1,7,6,11,1,11,10,14,12,14,2,5,5,5,4,20,1,20,19,8,1,8,7,90,0.505
45.0,1.0,5.5620000362396,174.49000000954,10.805999994278,107.58300018311,1194804.3396815495,1194804.3396815495,1.0,0.0,1.0,0.0,0.0,0.0,0.0,0.0,1.0,0.0,0.0,0.0,0.0,0.0,0.0,0.0,1.0,0.0,17.0,33,16,20,1.1755166666666668,PBDM,False,202.7711732415274,-80.32979848471419,0.17,0.05,95,2,1,10,3,6,8,9,9,15,9,9,9,10,8,10,10,13,12,12,13,15,9,13,15,33,0.25649515647667653
30.0,1.0,21.684000015259,408.78600001335,16.206999778748,632.95600008965,61241.57694444354,61241.57694444354,1.0,1.0,1.0,0.0,0.0,0.0,0.0,0.0,0.0,0.0,0.0,1.0,0.0,0.0,0.0,0.0,1.0,0.0,140.0,119,18,20,7.946266666666666,BDM,True,200.0,0.0,0.0,0.05,69,4,2,11,5,2,6,8,2,6,9,12,6,6,13,13,6,1,4,6,2,10,10,10,10,140,0.705
28.0,6.0,8.6319999694824,343.23000001907,13.825000047684,365.3069999218,25222.060649122443,25222.060649122443,1.0,0.0,1.0,0.0,0.0,0.0,0.0,0.0,0.0,1.0,0.0,0.0,0.0,0.0,1.0,0.0,0.0,0.0,50.0,28,16,20,3.5386,PBDM,True,188.5065622560953,-58.38284433926747,0.128,0.05,94,6,4,13,6,5,10,10,5,18,7,18,18,6,5,6,6,5,3,5,5,12,1,12,12,50,0.37072164061749485
39.0,2.0,23.794000148773,694.19400000572,16.853999853134,700.15400004387,93953.38657748583,93953.38657748583,1.0,1.0,1.0,0.0,0.0,0.0,0.0,0.0,0.0,1.0,0.0,0.0,0.0,0.0,0.0,0.0,1.0,0.0,199.0,152,19,20,9.09885,PBDM,True,170.0329268677137,-47.42455660529122,0.1285,0.05,61,8,3,10,4,3,5,5,1,15,4,16,15,18,12,19,18,15,9,16,15,18,11,19,18,199,0.975
63.0,2.0,9.0650000572205,274.85800004005,32.667999982834,205.87399983406,112057.70061111035,112057.70061111035,1.0,1.0,1.0,1.0,0.0,0.0,0.0,0.0,0.0,1.0,0.0,0.0,0.0,0.0,1.0,0.0,0.0,0.0,25.0,123,11,17,2.0296333333333334,PBDM,False,176.74108656796344,-53.952035080180714,0.121,0.05,11,8,3,9,15,8,15,15,16,9,13,14,17,10,9,8,10,12,10,10,-12,19,2,8,-1,-1,0.2627924042286919
44.0,5.0,28.21799993515,464.18099999428,14.878999948502,317.04100012779,20132.62671726196,20132.62671726196,1.0,1.0,1.0,1.0,0.0,0.0,0.0,0.0,0.0,0.0,1.0,0.0,0.0,0.0,1.0,0.0,0.0,0.0,30.0,141,14,20,1.39675,BDM,False,200.0,0.0,0.0,0.05,103,4,1,8,2,8,9,11,8,6,6,5,6,6,7,11,7,12,4,13,12,15,7,14,15,30,0.155
